lemma,pos,gender,level,ipa,meaning_zh,meaning_en,example_es,example_zh,image_file,tags,exam_tags,distractor_1,distractor_2,distractor_3,copyright_note
de,prep,n/a,A1,,的,de,Contexto: de.,例句待内容组补充（de）。,de.jpg,A1|prep|语法|日常,,晚的,病人,信,词库自动生成_待内容组校对
ella,pron,n/a,A1,ˈeʎa,她,she,Ella vive en Madrid.,她住在马德里。,ella.jpg,日常|代词,,他,我们,他们,词库自动生成_待内容组校对
que,pron,n/a,A1,,那,que,Contexto: que.,例句待内容组补充（que）。,que.jpg,A1|pron|日常,,quedar（待校对）,发现,解决,词库自动生成_待内容组校对
el,art,n/a,A1,,他,el,Contexto: el.,例句待内容组补充（el）。,el.jpg,A1|art|日常,,拿,手术,那,词库自动生成_待内容组校对
ser,v,n/a,A1,seɾ,是（本质）,to be,Soy de China.,我来自中国。,ser.jpg,日常|变位|易混,专四, estar, tener, haber,词库自动生成_待内容组校对
a,adv,n/a,A1,,到,a,Contexto: a.,例句待内容组补充（a）。,a.jpg,A1|adv|日常,,解释,关闭,使用,词库自动生成_待内容组校对
y,conj,n/a,A1,,和,y,Contexto: y.,例句待内容组补充（y）。,y.jpg,A1|conj|语法|日常,,头,军队,atención（待校对）,词库自动生成_待内容组校对
en,prep,n/a,A1,,在,en,Contexto: en.,例句待内容组补充（en）。,en.jpg,A1|prep|语法|日常,,老板,意思是,听到,词库自动生成_待内容组校对
él,pron,n/a,A1,el,他,he,Él es mi amigo.,他是我的朋友。,él.jpg,日常|代词,,她,我,你,词库自动生成_待内容组校对
estar,v,n/a,A1,esˈtaɾ,在；处于（状态）,to be,Estoy cansado.,我很累。,estar.jpg,日常|变位|易混,专四, ser, ir, hacer,词库自动生成_待内容组校对
uno,n,m,A1,,一,uno,Contexto: uno.,例句待内容组补充（uno）。,uno.jpg,A1|n|日常,,店铺,但,社会的,词库自动生成_待内容组校对
haber,v,n/a,A1,,有,haber,Contexto: haber.,例句待内容组补充（haber）。,haber.jpg,A1|v|变位|日常,,格莱登,甚至,这么多,词库自动生成_待内容组校对
yo,pron,n/a,A1,jo,我,I,Yo soy estudiante.,我是学生。,yo.jpg,日常|代词,,你,他,我们,词库自动生成_待内容组校对
por,prep,n/a,A1,poɾ,为了；因为,for/because,Estudio por el examen.,我为考试而学习。,por.jpg,语法|易混,专四|专八, para, con, sin,词库自动生成_待内容组校对
uno,adj,n/a,A1,,一,uno,Contexto: uno.,例句待内容组补充（uno）。,uno.jpg,A1|adj|日常,,是；对,食物；饭,原谅,词库自动生成_待内容组校对
tener,v,n/a,A1,teˈneɾ,有,to have,Tengo un libro.,我有一本书。,tener.jpg,日常|变位,专四, ser, ir, ver,词库自动生成_待内容组校对
se,pron,n/a,A1,,他,se,Contexto: se.,例句待内容组补充（se）。,se.jpg,A1|pron|日常,,拿,准备,放弃,词库自动生成_待内容组校对
ir,v,n/a,A1,iɾ,去,to go,Voy a la escuela.,我去学校。,ir.jpg,日常|变位,, venir, estar, ser,词库自动生成_待内容组校对
con,prep,n/a,A1,kon,和；用,with,Voy con mi amigo.,我和朋友一起去。,con.jpg,语法,, sin, sobre, contra,词库自动生成_待内容组校对
qué,pron,n/a,A1,,那,qué,Contexto: qué.,例句待内容组补充（qué）。,qué.jpg,A1|pron|日常,,很少,安排,你的,词库自动生成_待内容组校对
suyo,adj,n/a,A1,,他的,suyo,Contexto: suyo.,例句待内容组补充（suyo）。,suyo.jpg,A1|adj|日常,,需要,状况,生活,词库自动生成_待内容组校对
hacer,v,n/a,A1,,做,hacer,Contexto: hacer.,例句待内容组补充（hacer）。,hacer.jpg,A1|v|变位|日常,,agente（待校对）,节省,两者都不,词库自动生成_待内容组校对
poder,v,n/a,A1,,能,poder,Contexto: poder.,例句待内容组补充（poder）。,poder.jpg,A1|v|变位|日常,,爱,害怕,获得,词库自动生成_待内容组校对
para,prep,n/a,A1,ˈpaɾa,为了（目的）,for (purpose),Trabajo para vivir.,我工作是为了生活。,para.jpg,语法|易混,专四|专八, por, sobre, bajo,词库自动生成_待内容组校对
del,prep,n/a,A1,,的,del,Contexto: del.,例句待内容组补充（del）。,del.jpg,A1|prep|语法|日常,,这里,原因,回复,词库自动生成_待内容组校对
decir,v,n/a,A1,,说,decir,Contexto: decir.,例句待内容组补充（decir）。,decir.jpg,A1|v|变位|日常,,相同的,存在,达到,词库自动生成_待内容组校对
te,n,n/a,A1,,茶,te,Contexto: te.,例句待内容组补充（te）。,te.jpg,A1|n|日常,,安排,谁,缺少,词库自动生成_待内容组校对
este,adj,n/a,A1,,这,este,Contexto: este.,例句待内容组补充（este）。,este.jpg,A1|adj|日常,,商业,你,好的,词库自动生成_待内容组校对
todo,adj,n/a,A1,,全部,todo,Contexto: todo.,例句待内容组补充（todo）。,todo.jpg,A1|adj|日常,,老板,飞,工作,词库自动生成_待内容组校对
mío,adj,n/a,A1,,矿,mío,Contexto: mío.,例句待内容组补充（mío）。,mío.jpg,A1|adj|日常,,部分,边,到达,词库自动生成_待内容组校对
pero,conj,n/a,A1,,但,pero,Contexto: pero.,例句待内容组补充（pero）。,pero.jpg,A1|conj|语法|日常,,与你,形状,大学,词库自动生成_待内容组校对
si,conj,n/a,A1,,是的,si,Contexto: si.,例句待内容组补充（si）。,si.jpg,A1|conj|语法|日常,,但,之间,知道,词库自动生成_待内容组校对
querer,v,n/a,A1,,想,querer,Contexto: querer.,例句待内容组补充（querer）。,querer.jpg,A1|v|变位|日常,,听到,展示,出去,词库自动生成_待内容组校对
al,prep,n/a,A1,,到,al,Contexto: al.,例句待内容组补充（al）。,al.jpg,A1|prep|语法|日常,,女性,计划,物种,词库自动生成_待内容组校对
sí,pron,n/a,A1,si,是；对,yes,Sí,estoy de acuerdo.,sí.jpg,si.jpg,日常,队长,信息,参考,词库自动生成_待内容组校对
como,conj,n/a,A1,,作为,como,Contexto: como.,例句待内容组补充（como）。,como.jpg,A1|conj|语法|日常,,六,我的,书,词库自动生成_待内容组校对
ése,pron,n/a,A1,,那,ése,Contexto: ése.,例句待内容组补充（ése）。,ése.jpg,A1|pron|日常,,派对,真的,海,词库自动生成_待内容组校对
bien,adv,n/a,A1,,好的,bien,Contexto: bien.,例句待内容组补充（bien）。,bien.jpg,A1|adv|日常,,死的,看待,状况,词库自动生成_待内容组校对
más,adv,n/a,A1,,更远,más,Contexto: más.,例句待内容组补充（más）。,más.jpg,A1|adv|日常,,活动,总是,占据,词库自动生成_待内容组校对
ver,v,n/a,A1,,看,ver,Contexto: ver.,例句待内容组补充（ver）。,ver.jpg,A1|v|变位|日常,,降低,害怕,是的,词库自动生成_待内容组校对
tuyo,adj,n/a,A1,,你的,tuyo,Contexto: tuyo.,例句待内容组补充（tuyo）。,tuyo.jpg,A1|adj|日常,,自由,政治的,国家,词库自动生成_待内容组校对
saber,v,n/a,A1,,知道,saber,Contexto: saber.,例句待内容组补充（saber）。,saber.jpg,A1|v|变位|日常,,房间,黑色的,仅有的,词库自动生成_待内容组校对
bueno,adj,n/a,A1,ˈbweno,好的,good,Es un buen idea.,是个好主意。,bueno.jpg,日常|形容词,,坏的,难的,贵的,词库自动生成_待内容组校对
ese,adj,n/a,A1,,那,ese,Contexto: ese.,例句待内容组补充（ese）。,ese.jpg,A1|adj|日常,,每个,位置,贫穷的,词库自动生成_待内容组校对
aquí,adv,n/a,A1,aˈki,这里,here,Estoy aquí.,我在这里。,aquí.jpg,日常|副词,,那里,哪里,到处,词库自动生成_待内容组校对
éste,pron,n/a,A1,,这,éste,Contexto: éste.,例句待内容组补充（éste）。,éste.jpg,A1|pron|日常,,问,光,接触,词库自动生成_待内容组校对
tú,pron,n/a,A1,tu,你,you,Tú hablas muy bien.,你说得很好。,tú.jpg,日常|代词,,我,他,她,词库自动生成_待内容组校对
nosotros,pron,n/a,A1,noˈsotɾos,我们,we,Nosotros estudiamos español.,我们学习西班牙语。,nosotros.jpg,日常|代词,,你们,他们,我,词库自动生成_待内容组校对
creer,v,n/a,A1,,相信,creer,Contexto: creer.,例句待内容组补充（creer）。,creer.jpg,A1|v|变位|日常,,公司,结婚,任何一个,词库自动生成_待内容组校对
ya,adv,n/a,A1,,已经,ya,Contexto: ya.,例句待内容组补充（ya）。,ya.jpg,A1|adv|日常,,达到,预约,感觉,词库自动生成_待内容组校对
o,conj,n/a,A1,,任何一个,o,Contexto: o.,例句待内容组补充（o）。,o.jpg,A1|conj|语法|日常,,关闭,放,海,词库自动生成_待内容组校对
dar,v,n/a,A1,,给,dar,Contexto: dar.,例句待内容组补充（dar）。,dar.jpg,A1|v|变位|日常,,打,熟人,人们,词库自动生成_待内容组校对
deber,v,n/a,A1,,责任,deber,Contexto: deber.,例句待内容组补充（deber）。,deber.jpg,A1|v|变位|日常,,做,忘记,查看,词库自动生成_待内容组校对
mucho,adv,n/a,A1,ˈmutʃo,很多,much/a lot,Tengo mucho trabajo.,我有很多工作。,mucho.jpg,日常|副词,,很少,一点,没有,词库自动生成_待内容组校对
otro,adj,n/a,A1,,其他,otro,Contexto: otro.,例句待内容组补充（otro）。,otro.jpg,A1|adj|日常,,写,平等的,我,词库自动生成_待内容组校对
así,adv,n/a,A1,,所以,así,Contexto: así.,例句待内容组补充（así）。,así.jpg,A1|adv|日常,,或许,年轻人,房间,词库自动生成_待内容组校对
ahora,adv,n/a,A1,aˈoɾa,现在,now,Ahora estudio.,我现在在学习。,ahora.jpg,日常|副词,,以前,以后,从不,词库自动生成_待内容组校对
vez,n,f,A1,,时间,vez,Contexto: vez.,例句待内容组补充（vez）。,vez.jpg,A1|n|日常,,主意,国家的,何塞,词库自动生成_待内容组校对
cuando,conj,n/a,A1,,什么时候,cuando,Contexto: cuando.,例句待内容组补充（cuando）。,cuando.jpg,A1|conj|语法|日常,,图像,在,游戏,词库自动生成_待内容组校对
algo,pron,n/a,A1,,某物,algo,Contexto: algo.,例句待内容组补充（algo）。,algo.jpg,A1|pron|日常,,地址,兄弟,已经,词库自动生成_待内容组校对
dejar,v,n/a,A1,,离开,dejar,Contexto: dejar.,例句待内容组补充（dejar）。,dejar.jpg,A1|v|变位|日常,,乐趣,前,死的,词库自动生成_待内容组校对
hablar,v,n/a,A1,aˈβlaɾ,说话；讲,to speak,Hablo español.,我说西班牙语。,hablar.jpg,日常|变位,专四, comer, vivir, escribir,词库自动生成_待内容组校对
pasar,v,n/a,A1,,经过,pasar,Contexto: pasar.,例句待内容组补充（pasar）。,pasar.jpg,A1|v|变位|日常,,城市,七,选择,词库自动生成_待内容组校对
mucho,adj,n/a,A1,ˈmutʃo,很多,much/a lot,Tengo mucho trabajo.,我有很多工作。,mucho.jpg,日常|副词,,很少,一点,没有,词库自动生成_待内容组校对
nada,pron,n/a,A1,,没有什么,nada,Contexto: nada.,例句待内容组补充（nada）。,nada.jpg,A1|pron|日常,,爱,后,出现,词库自动生成_待内容组校对
cómo,adv,n/a,A1,,作为,cómo,Contexto: cómo.,例句待内容组补充（cómo）。,cómo.jpg,A1|adv|日常,,绅士,物种,可能性,词库自动生成_待内容组校对
solo,adv,n/a,A1,,仅有的,solo,Contexto: solo.,例句待内容组补充（solo）。,solo.jpg,A1|adv|日常,,绅士,WHO,法官,词库自动生成_待内容组校对
sentir,v,n/a,A1,,感觉,sentir,Contexto: sentir.,例句待内容组补充（sentir）。,sentir.jpg,A1|v|变位|日常,,打,长的,手臂,词库自动生成_待内容组校对
pensar,v,n/a,A1,,思考,pensar,Contexto: pensar.,例句待内容组补充（pensar）。,pensar.jpg,A1|v|变位|日常,,学习,昨夜,称呼,词库自动生成_待内容组校对
porque,conj,n/a,A1,,因为,porque,Contexto: porque.,例句待内容组补充（porque）。,porque.jpg,A1|conj|语法|日常,,之间,增加,部长,词库自动生成_待内容组校对
esperar,v,n/a,A1,,等待,esperar,Contexto: esperar.,例句待内容组补充（esperar）。,esperar.jpg,A1|v|变位|日常,,想,甚至,节省,词库自动生成_待内容组校对
usted,pron,n/a,A1,,你,usted,Contexto: usted.,例句待内容组补充（usted）。,usted.jpg,A1|pron|日常,,照片,新的,太多了,词库自动生成_待内容组校对
día,n,m,A1,ˈdia,白天；天,day,Hoy es un buen día.,今天是美好的一天。,día.jpg,日常|名词,, night, week, month,词库自动生成_待内容组校对
año,n,m,A1,,年,año,Contexto: año.,例句待内容组补充（año）。,año.jpg,A1|n|日常,,甜的,叔叔,查看,词库自动生成_待内容组校对
padre,n,n/a,A1,,父亲,padre,Contexto: padre.,例句待内容组补充（padre）。,padre.jpg,A1|n|日常,,后,改变,在；处于（状态）,词库自动生成_待内容组校对
venir,v,n/a,A1,,来,venir,Contexto: venir.,例句待内容组补充（venir）。,venir.jpg,A1|v|变位|日常,,年轻的,火,情况,词库自动生成_待内容组校对
nuestro,adj,n/a,A1,,我们的,nuestro,Contexto: nuestro.,例句待内容组补充（nuestro）。,nuestro.jpg,A1|adj|日常,,决定,物种,脸,词库自动生成_待内容组校对
gracias,n,n/a,A1,ˈɡɾaθjas,谢谢,thank you,Muchas gracias por tu ayuda.,非常感谢你的帮助。,gracias.jpg,日常|礼貌,,对不起,请,没关系,词库自动生成_待内容组校对
cosa,n,f,A1,,东西,cosa,Contexto: cosa.,例句待内容组补充（cosa）。,cosa.jpg,A1|n|日常,,爱,重要的,和,词库自动生成_待内容组校对
dos,n,n/a,A1,,二,dos,Contexto: dos.,例句待内容组补充（dos）。,dos.jpg,A1|n|日常,,证明,喜欢,带来,词库自动生成_待内容组校对
sin,prep,n/a,A1,sin,没有,without,Café sin azúcar.,不加糖的咖啡。,sin.jpg,语法,, con, para, por,词库自动生成_待内容组校对
sobre,prep,n/a,A1,,关于,sobre,Contexto: sobre.,例句待内容组补充（sobre）。,sobre.jpg,A1|prep|语法|日常,,你的,lugar（待校对）,改变,词库自动生成_待内容组校对
solo,adj,n/a,A1,,仅有的,solo,Contexto: solo.,例句待内容组补充（solo）。,solo.jpg,A1|adj|日常,,发现,东西,轻敲,词库自动生成_待内容组校对
alguno,adj,n/a,A1,,一些,alguno,Contexto: alguno.,例句待内容组补充（alguno）。,alguno.jpg,A1|adj|日常,,放弃,死亡,正确的,词库自动生成_待内容组校对
señor,n,m,A1,,先生,señor,Contexto: señor.,例句待内容组补充（señor）。,señor.jpg,A1|n|日常,,教,被称为,说,词库自动生成_待内容组校对
mirar,v,n/a,A1,,看,mirar,Contexto: mirar.,例句待内容组补充（mirar）。,mirar.jpg,A1|v|变位|日常,,疼痛,测量,老师,词库自动生成_待内容组校对
hombre,n,n/a,A1,,男人,hombre,Contexto: hombre.,例句待内容组补充（hombre）。,hombre.jpg,A1|n|日常,,这里,买,根据,词库自动生成_待内容组校对
tiempo,n,m,A1,ˈtjempo,时间；天气,time/weather,No tengo tiempo.,我没有时间。,tiempo.jpg,日常|名词,专八,空间,金钱,机会,词库自动生成_待内容组校对
también,adv,n/a,A1,,还,también,Contexto: también.,例句待内容组补充（también）。,también.jpg,A1|adv|日常,,常见的,创造,两者都不,词库自动生成_待内容组校对
mismo,adj,n/a,A1,,相同的,mismo,Contexto: mismo.,例句待内容组补充（mismo）。,mismo.jpg,A1|adj|日常,,政治的,相机,水,词库自动生成_待内容组校对
necesitar,v,n/a,A1,,需要,necesitar,Contexto: necesitar.,例句待内容组补充（necesitar）。,necesitar.jpg,A1|v|变位|日常,,这么多,进入,所以,词库自动生成_待内容组校对
casa,n,f,A1,ˈkasa,房子；家,house,Vivo en una casa pequeña.,我住在一所小房子里。,casa.jpg,日常|名词,,学校,汽车,办公室,词库自动生成_待内容组校对
llevar,v,n/a,A1,,携带,llevar,Contexto: llevar.,例句待内容组补充（llevar）。,llevar.jpg,A1|v|变位|日常,,能,约翰,列表,词库自动生成_待内容组校对
tan,adv,n/a,A1,,所以,tan,Contexto: tan.,例句待内容组补充（tan）。,tan.jpg,A1|adv|日常,,写,帐户,哟,词库自动生成_待内容组校对
entonces,adv,n/a,A1,,所以,entonces,Contexto: entonces.,例句待内容组补充（entonces）。,entonces.jpg,A1|adv|日常,,系统,愚蠢的,星星,词库自动生成_待内容组校对
encontrar,v,n/a,A1,,寻找,encontrar,Contexto: encontrar.,例句待内容组补充（encontrar）。,encontrar.jpg,A1|v|变位|日常,,价格,男生,亲爱的,词库自动生成_待内容组校对
volver,v,n/a,A1,,返回,volver,Contexto: volver.,例句待内容组补充（volver）。,volver.jpg,A1|v|变位|日常,,存在,那里,低的,词库自动生成_待内容组校对
llamar,v,n/a,A1,,称呼,llamar,Contexto: llamar.,例句待内容组补充（llamar）。,llamar.jpg,A1|v|变位|日常,,健康,那里,手术,词库自动生成_待内容组校对
parecer,v,n/a,A1,,似乎,parecer,Contexto: parecer.,例句待内容组补充（parecer）。,parecer.jpg,A1|v|变位|日常,,一半,在哪里,那,词库自动生成_待内容组校对
nuevo,adj,n/a,A1,ˈnweβo,新的,new,Compro un coche nuevo.,我买了一辆新车。,nuevo.jpg,日常|形容词,,旧的,破的,脏的,词库自动生成_待内容组校对
mejor,adj,n/a,A1,,更好的,mejor,Contexto: mejor.,例句待内容组补充（mejor）。,mejor.jpg,A1|adj|日常,,老师,学习,相同的,词库自动生成_待内容组校对
primero,adj,n/a,A1,,第一的,primero,Contexto: primero.,例句待内容组补充（primero）。,primero.jpg,A1|adj|日常,,魔鬼,查看,百万,词库自动生成_待内容组校对
verdad,n,f,A1,,真的,verdad,Contexto: verdad.,例句待内容组补充（verdad）。,verdad.jpg,A1|n|日常,,衣服,隐藏,血,词库自动生成_待内容组校对
hasta,prep,n/a,A1,,直到,hasta,Contexto: hasta.,例句待内容组补充（hasta）。,hasta.jpg,A1|prep|语法|日常,,政治的,爱,到,词库自动生成_待内容组校对
quién,pron,n/a,A1,,WHO,quién,Contexto: quién.,例句待内容组补充（quién）。,quién.jpg,A1|pron|日常,,水,爱,矿,词库自动生成_待内容组校对
vida,n,f,A1,,生活,vida,Contexto: vida.,例句待内容组补充（vida）。,vida.jpg,A1|n|日常,,孩子,等级,你的,词库自动生成_待内容组校对
nunca,adv,n/a,A1,ˈnuŋka,从不,never,Nunca como carne.,我从不吃肉。,nunca.jpg,日常|副词,专八,总是,经常,有时,词库自动生成_待内容组校对
tomar,v,n/a,A1,,拿,tomar,Contexto: tomar.,例句待内容组补充（tomar）。,tomar.jpg,A1|v|变位|日常,,好的,移动,这,词库自动生成_待内容组校对
quedar,v,n/a,A1,,quedar（待校对）,quedar,Contexto: quedar.,例句待内容组补充（quedar）。,quedar.jpg,A1|v|变位|日常,,携带,自己的,谁,词库自动生成_待内容组校对
grande,adj,n/a,A1,ˈɡɾande,大的,big,Mi casa es grande.,我的房子很大。,grande.jpg,日常|形容词,,小的,短的,矮的,词库自动生成_待内容组校对
llegar,v,n/a,A1,,到达,llegar,Contexto: llegar.,例句待内容组补充（llegar）。,llegar.jpg,A1|v|变位|日常,,似乎,坏的,昨夜,词库自动生成_待内容组校对
hola,n,n/a,A1,ˈola,你好,hello,¡Hola! ¿Cómo estás?,你好！你怎么样？,hola.jpg,日常|问候,,再见,谢谢,对不起,词库自动生成_待内容组校对
chico,n,m,A1,,男生,chico,Contexto: chico.,例句待内容组补充（chico）。,chico.jpg,A1|n|日常,,否定,和平,你,词库自动生成_待内容组校对
poner,v,n/a,A1,,放,poner,Contexto: poner.,例句待内容组补充（poner）。,poner.jpg,A1|v|变位|日常,,礼物,禁运,过去的,词库自动生成_待内容组校对
oír,v,n/a,A1,,听到,oír,Contexto: oír.,例句待内容组补充（oír）。,oír.jpg,A1|v|变位|日常,,歌曲,准备好了,爱,词库自动生成_待内容组校对
noche,n,f,A1,ˈnotʃe,夜晚,night,Buenas noches.,晚安。,noche.jpg,日常|名词,, 早晨, 下午, 中午,词库自动生成_待内容组校对
mí,pron,n/a,A1,,我的,mí,Contexto: mí.,例句待内容组补充（mí）。,mí.jpg,A1|pron|日常,,哦,纸,关于,词库自动生成_待内容组校对
hijo,n,m,A1,,儿子,hijo,Contexto: hijo.,例句待内容组补充（hijo）。,hijo.jpg,A1|n|日常,,状态,场地,昨夜,词库自动生成_待内容组校对
dónde,adv,n/a,A1,,在哪里,dónde,Contexto: dónde.,例句待内容组补充（dónde）。,dónde.jpg,A1|adv|日常,,它,男朋友,值得,词库自动生成_待内容组校对
ni,conj,n/a,A1,,两者都不,ni,Contexto: ni.,例句待内容组补充（ni）。,ni.jpg,A1|conj|语法|日常,,听到,信息,信息,词库自动生成_待内容组校对
salir,v,n/a,A1,,出去,salir,Contexto: salir.,例句待内容组补充（salir）。,salir.jpg,A1|v|变位|日常,,黑色的,悲伤,贫穷的,词库自动生成_待内容组校对
favor,n,m,A1,,青睐,favor,Contexto: favor.,例句待内容组补充（favor）。,favor.jpg,A1|n|日常,,一半,他,反对,词库自动生成_待内容组校对
gustar,v,n/a,A1,,喜欢,gustar,Contexto: gustar.,例句待内容组补充（gustar）。,gustar.jpg,A1|v|变位|日常,,是；对,很少,消除,词库自动生成_待内容组校对
seguir,v,n/a,A1,,继续,seguir,Contexto: seguir.,例句待内容组补充（seguir）。,seguir.jpg,A1|v|变位|日常,,原谅,称重,某物,词库自动生成_待内容组校对
amigo,n,m,A1,aˈmiɣo,朋友（男）,friend (m),Mi amigo es simpático.,我的朋友很友好。,amigo.jpg,日常|名词,,敌人,老师,陌生人,词库自动生成_待内容组校对
oh,n,n/a,A1,,哦,oh,Contexto: oh.,例句待内容组补充（oh）。,oh.jpg,A1|n|日常,,但,担心,创造,词库自动生成_待内容组校对
siempre,adv,n/a,A1,ˈsjempɾe,总是,always,Siempre desayuno a las siete.,我总是七点吃早餐。,siempre.jpg,日常|副词,专八,从不,有时, rarely,词库自动生成_待内容组校对
hecho,n,m,A1,,制成,hecho,Contexto: hecho.,例句待内容组补充（hecho）。,hecho.jpg,A1|n|日常,,第二,国家,房间,词库自动生成_待内容组校对
papá,n,n/a,A1,,爸爸,papá,Contexto: papá.,例句待内容组补充（papá）。,papá.jpg,A1|n|日常,,他的,好的,很快,词库自动生成_待内容组校对
dios,n,n/a,A1,,上帝,dios,Contexto: dios.,例句待内容组补充（dios）。,dios.jpg,A1|n|日常,,等待,千,头,词库自动生成_待内容组校对
antes,adv,n/a,A1,,前,antes,Contexto: antes.,例句待内容组补充（antes）。,antes.jpg,A1|adv|日常,,清楚的,系统,索莱尔,词库自动生成_待内容组校对
desde,prep,n/a,A1,,从,desde,Contexto: desde.,例句待内容组补充（desde）。,desde.jpg,A1|prep|语法|日常,,当然,快乐的,形状,词库自动生成_待内容组校对
conocer,v,n/a,A1,,知道,conocer,Contexto: conocer.,例句待内容组补充（conocer）。,conocer.jpg,A1|v|变位|日常,,主意,线,发现,词库自动生成_待内容组校对
poco,adv,n/a,A1,ˈpoko,很少,little/few,Hablas un poco de español.,你会说一点西语。,poco.jpg,日常|副词,,很多,全部,永远,词库自动生成_待内容组校对
ahí,adv,n/a,A1,,那里,ahí,Contexto: ahí.,例句待内容组补充（ahí）。,ahí.jpg,A1|adv|日常,,恢复,更喜欢,称重,词库自动生成_待内容组校对
alguien,pron,n/a,A1,,某人,alguien,Contexto: alguien.,例句待内容组补充（alguien）。,alguien.jpg,A1|pron|日常,,甜的,禁运,听到,词库自动生成_待内容组校对
trabajo,n,m,A1,tɾaˈβaxo,工作,work,Tengo mucho trabajo.,我有很多工作。,trabajo.jpg,日常|名词,专四,休息,游戏,旅行,词库自动生成_待内容组校对
mujer,n,n/a,A1,,女性,mujer,Contexto: mujer.,例句待内容组补充（mujer）。,mujer.jpg,A1|n|日常,,转变,对待,簇,词库自动生成_待内容组校对
entre,prep,n/a,A1,,之间,entre,Contexto: entre.,例句待内容组补充（entre）。,entre.jpg,A1|prep|语法|日常,,方式,那,头脑,词库自动生成_待内容组校对
después,adv,n/a,A1,,后,después,Contexto: después.,例句待内容组补充（después）。,después.jpg,A1|adv|日常,,大约,任何,有,词库自动生成_待内容组校对
parte,n,n/a,A1,,部分,parte,Contexto: parte.,例句待内容组补充（parte）。,parte.jpg,A1|n|日常,,很多,行动,男人,词库自动生成_待内容组校对
mi,n,n/a,A1,,我的,mi,Contexto: mi.,例句待内容组补充（mi）。,mi.jpg,A1|n|日常,,看待,足够的,街道,词库自动生成_待内容组校对
acuerdo,n,m,A1,,协议,acuerdo,Contexto: acuerdo.,例句待内容组补充（acuerdo）。,acuerdo.jpg,A1|n|日常,,控制,教,简单的,词库自动生成_待内容组校对
escuchar,v,n/a,A1,,听到,escuchar,Contexto: escuchar.,例句待内容组补充（escuchar）。,escuchar.jpg,A1|v|变位|日常,,工作,摊位,执行,词库自动生成_待内容组校对
momento,n,m,A1,,片刻,momento,Contexto: momento.,例句待内容组补充（momento）。,momento.jpg,A1|n|日常,,远的,协议,邮政,词库自动生成_待内容组校对
matar,v,n/a,A1,,杀,matar,Contexto: matar.,例句待内容组补充（matar）。,matar.jpg,A1|v|变位|日常,,提供,信息,寻找,词库自动生成_待内容组校对
donde,pron,n/a,A1,,在哪里,donde,Contexto: donde.,例句待内容组补充（donde）。,donde.jpg,A1|pron|日常,,难的,安全,爱,词库自动生成_待内容组校对
seguro,adj,n/a,A1,,当然,seguro,Contexto: seguro.,例句待内容组补充（seguro）。,seguro.jpg,A1|adj|日常,,绅士,酒店,责备,词库自动生成_待内容组校对
mundo,n,m,A1,,世界,mundo,Contexto: mundo.,例句待内容组补充（mundo）。,mundo.jpg,A1|n|日常,,相同的,年轻的,接受,词库自动生成_待内容组校对
gente,n,n/a,A1,,人们,gente,Contexto: gente.,例句待内容组补充（gente）。,gente.jpg,A1|n|日常,,这里,是的,从不,词库自动生成_待内容组校对
niño,n,m,A1,,孩子,niño,Contexto: niño.,例句待内容组补充（niño）。,niño.jpg,A1|n|日常,,在,活动,信息,词库自动生成_待内容组校对
hora,n,f,A1,,小时,hora,Contexto: hora.,例句待内容组补充（hora）。,hora.jpg,A1|n|日常,,更糟,年轻的,人类,词库自动生成_待内容组校对
buscar,v,n/a,A1,,寻找,buscar,Contexto: buscar.,例句待内容组补充（buscar）。,buscar.jpg,A1|v|变位|日常,,观点,下列的,更好的,词库自动生成_待内容组校对
problema,n,m,A1,,问题,problema,Contexto: problema.,例句待内容组补充（problema）。,problema.jpg,A1|n|日常,,哭,能,错误,词库自动生成_待内容组校对
estado,n,m,A1,,状态,estado,Contexto: estado.,例句待内容组补充（estado）。,estado.jpg,A1|n|日常,,普通的,递送,禁运,词库自动生成_待内容组校对
lugar,n,n/a,A1,,lugar（待校对）,lugar,Contexto: lugar.,例句待内容组补充（lugar）。,lugar.jpg,A1|n|日常,,千,古老的,看,词库自动生成_待内容组校对
nadie,pron,n/a,A1,,没有人,nadie,Contexto: nadie.,例句待内容组补充（nadie）。,nadie.jpg,A1|pron|日常,,孩子,年轻的,狗,词库自动生成_待内容组校对
tal,pron,n/a,A1,,这样的,tal,Contexto: tal.,例句待内容组补充（tal）。,tal.jpg,A1|pron|日常,,与我一起,反对,盐,词库自动生成_待内容组校对
ayudar,v,n/a,A1,,帮助,ayudar,Contexto: ayudar.,例句待内容组补充（ayudar）。,ayudar.jpg,A1|v|变位|日常,,何塞,女性,增加,词库自动生成_待内容组校对
perder,v,n/a,A1,,失去,perder,Contexto: perder.,例句待内容组补充（perder）。,perder.jpg,A1|v|变位|日常,,目的,在；处于（状态）,六,词库自动生成_待内容组校对
ustedes,pron,n/a,A1,,你,ustedes,Contexto: ustedes.,例句待内容组补充（ustedes）。,ustedes.jpg,A1|pron|日常,,未来,索莱尔,社会,词库自动生成_待内容组校对
persona,n,f,A1,,人,persona,Contexto: persona.,例句待内容组补充（persona）。,persona.jpg,A1|n|日常,,交易,发生,后,词库自动生成_待内容组校对
tipo,n,m,A1,,家伙,tipo,Contexto: tipo.,例句待内容组补充（tipo）。,tipo.jpg,A1|n|日常,,星星,唱歌,平等的,词库自动生成_待内容组校对
claro,adj,n/a,A1,,清除,claro,Contexto: claro.,例句待内容组补充（claro）。,claro.jpg,A1|adj|日常,,他,担心,工作,词库自动生成_待内容组校对
entender,v,n/a,A1,,理解,entender,Contexto: entender.,例句待内容组补充（entender）。,entender.jpg,A1|v|变位|日常,,人类,真的,男朋友,词库自动生成_待内容组校对
menos,adv,n/a,A1,,较少的,menos,Contexto: menos.,例句待内容组补充（menos）。,menos.jpg,A1|adv|日常,,称呼,绝不,节省,词库自动生成_待内容组校对
fuera,adv,n/a,A1,,出去,fuera,Contexto: fuera.,例句待内容组补充（fuera）。,fuera.jpg,A1|adv|日常,,晚的,他的,关心,词库自动生成_待内容组校对
acabar,v,n/a,A1,,结尾,acabar,Contexto: acabar.,例句待内容组补充（acabar）。,acabar.jpg,A1|v|变位|日常,,那,星期,光,词库自动生成_待内容组校对
tratar,v,n/a,A1,,对待,tratar,Contexto: tratar.,例句待内容组补充（tratar）。,tratar.jpg,A1|v|变位|日常,,detener（待校对）,看待,称呼,词库自动生成_待内容组校对
tres,n,n/a,A1,,三,tres,Contexto: tres.,例句待内容组补充（tres）。,tres.jpg,A1|n|日常,,帮助,寻找,pregunta（待校对）,词库自动生成_待内容组校对
último,adj,n/a,A1,,最后的,último,Contexto: último.,例句待内容组补充（último）。,último.jpg,A1|adj|日常,,或许,大约,喝,词库自动生成_待内容组校对
trabajar,v,n/a,A1,,工作,trabajar,Contexto: trabajar.,例句待内容组补充（trabajar）。,trabajar.jpg,A1|v|变位|日常,,一半,清楚的,相机,词库自动生成_待内容组校对
morir,v,n/a,A1,,死,morir,Contexto: morir.,例句待内容组补充（morir）。,morir.jpg,A1|v|变位|日常,,证明,电影,扔,词库自动生成_待内容组校对
cada,adj,n/a,A1,,每个,cada,Contexto: cada.,例句待内容组补充（cada）。,cada.jpg,A1|adj|日常,,星期,钱,的,词库自动生成_待内容组校对
dinero,n,m,A1,,钱,dinero,Contexto: dinero.,例句待内容组补充（dinero）。,dinero.jpg,A1|n|日常,,的,军队,休息,词库自动生成_待内容组校对
mañana,n,f,A1,,明天,mañana,Contexto: mañana.,例句待内容组补充（mañana）。,mañana.jpg,A1|n|日常,,pregunta（待校对）,一些,生产,词库自动生成_待内容组校对
hermano,n,m,A1,,兄弟,hermano,Contexto: hermano.,例句待内容组补充（hermano）。,hermano.jpg,A1|n|日常,,机会,后,中心,词库自动生成_待内容组校对
quien,pron,n/a,A1,,WHO,quien,Contexto: quien.,例句待内容组补充（quien）。,quien.jpg,A1|pron|日常,,月,能,魔鬼,词库自动生成_待内容组校对
vivir,v,n/a,A1,biˈβiɾ,生活；居住,to live,Vivo en Beijing.,我住在北京。,vivir.jpg,日常|变位,, morir, trabajar, estudiar,词库自动生成_待内容组校对
valer,v,n/a,A1,,值得,valer,Contexto: valer.,例句待内容组补充（valer）。,valer.jpg,A1|v|变位|日常,,返回,哪个,到,词库自动生成_待内容组校对
sr.,adv,n/a,A1,,先生。,sr.,Contexto: sr..,例句待内容组补充（sr.）。,sr.jpg,A1|adv|日常,,灵魂,交易,大厅,词库自动生成_待内容组校对
allí,adv,n/a,A1,aˈʎi,那里,there,El libro está allí.,书在那里。,allí.jpg,日常|副词,,这里,上面,里面,词库自动生成_待内容组校对
hoy,adv,n/a,A1,,今天,hoy,Contexto: hoy.,例句待内容组补充（hoy）。,hoy.jpg,A1|adv|日常,,移动,之间,婴儿,词库自动生成_待内容组校对
luego,adv,n/a,A1,,然后,luego,Contexto: luego.,例句待内容组补充（luego）。,luego.jpg,A1|adv|日常,,能,指出,你,词库自动生成_待内容组校对
mano,n,m,A1,,手,mano,Contexto: mano.,例句待内容组补充（mano）。,mano.jpg,A1|n|日常,,手臂,还,后,词库自动生成_待内容组校对
tanto,adv,n/a,A1,,这么多,tanto,Contexto: tanto.,例句待内容组补充（tanto）。,tanto.jpg,A1|adv|日常,,世界,总是,casi（待校对）,词库自动生成_待内容组校对
caso,n,m,A1,,案件,caso,Contexto: caso.,例句待内容组补充（caso）。,caso.jpg,A1|n|日常,,办公室,失去,根据,词库自动生成_待内容组校对
nombre,n,n/a,A1,,姓名,nombre,Contexto: nombre.,例句待内容组补充（nombre）。,nombre.jpg,A1|n|日常,,支付,援助,脸,词库自动生成_待内容组校对
entrar,v,n/a,A1,,进入,entrar,Contexto: entrar.,例句待内容组补充（entrar）。,entrar.jpg,A1|v|变位|日常,,消除,公司,看,词库自动生成_待内容组校对
forma,n,m,A1,,形状,forma,Contexto: forma.,例句待内容组补充（forma）。,forma.jpg,A1|n|日常,,返回,浴室,白天；天,词库自动生成_待内容组校对
empezar,v,n/a,A1,,开始,empezar,Contexto: empezar.,例句待内容组补充（empezar）。,empezar.jpg,A1|v|变位|日常,,等待,写,可能的,词库自动生成_待内容组校对
conseguir,v,n/a,A1,,得到,conseguir,Contexto: conseguir.,例句待内容组补充（conseguir）。,conseguir.jpg,A1|v|变位|日常,,安排,今天,当然,词库自动生成_待内容组校对
pedir,v,n/a,A1,,问,pedir,Contexto: pedir.,例句待内容组补充（pedir）。,pedir.jpg,A1|v|变位|日常,,强的,爱,教,词库自动生成_待内容组校对
intentar,v,n/a,A1,,试图,intentar,Contexto: intentar.,例句待内容组补充（intentar）。,intentar.jpg,A1|v|变位|日常,,我们的,孩子,儿子,词库自动生成_待内容组校对
ninguno,adj,n/a,A1,,没有任何,ninguno,Contexto: ninguno.,例句待内容组补充（ninguno）。,ninguno.jpg,A1|adj|日常,,收到,程度,更远,词库自动生成_待内容组校对
traer,v,n/a,A1,,带来,traer,Contexto: traer.,例句待内容组补充（traer）。,traer.jpg,A1|v|变位|日常,,有能力的,降低,状况,词库自动生成_待内容组校对
pequeño,adj,n/a,A1,peˈkeɲo,小的,small,Es un perro pequeño.,是一只小狗。,pequeño.jpg,日常|形容词,,大的,长的,高的,词库自动生成_待内容组校对
importar,v,n/a,A1,,事情,importar,Contexto: importar.,例句待内容组补充（importar）。,importar.jpg,A1|v|变位|日常,,惹恼,月,来了,词库自动生成_待内容组校对
aún,adv,n/a,A1,,仍然,aún,Contexto: aún.,例句待内容组补充（aún）。,aún.jpg,A1|adv|日常,,知道,眼睛,获得,词库自动生成_待内容组校对
cuenta,n,f,A1,,帐户,cuenta,Contexto: cuenta.,例句待内容组补充（cuenta）。,cuenta.jpg,A1|n|日常,,相当,今天,秘密,词库自动生成_待内容组校对
razón,n,n/a,A1,,原因,razón,Contexto: razón.,例句待内容组补充（razón）。,razón.jpg,A1|n|日常,,旧的；老的,错误,十,词库自动生成_待内容组校对
preguntar,v,n/a,A1,,问,preguntar,Contexto: preguntar.,例句待内容组补充（preguntar）。,preguntar.jpg,A1|v|变位|日常,,来了,脚,说,词库自动生成_待内容组校对
terminar,v,n/a,A1,,结束,terminar,Contexto: terminar.,例句待内容组补充（terminar）。,terminar.jpg,A1|v|变位|日常,,喷泉,低的,真实的,词库自动生成_待内容组校对
idea,n,f,A1,,主意,idea,Contexto: idea.,例句待内容组补充（idea）。,idea.jpg,A1|n|日常,,仅有的,想,甜的,词库自动生成_待内容组校对
único,adj,n/a,A1,,仅有的,único,Contexto: único.,例句待内容组补充（único）。,único.jpg,A1|adj|日常,,证明,博士。,能,词库自动生成_待内容组校对
mal,adv,n/a,A1,,邪恶的,mal,Contexto: mal.,例句待内容组补充（mal）。,mal.jpg,A1|adv|日常,,休息,回复,责任,词库自动生成_待内容组校对
suponer,v,n/a,A1,,认为,suponer,Contexto: suponer.,例句待内容组补充（suponer）。,suponer.jpg,A1|v|变位|日常,,人类,喜欢,他的,词库自动生成_待内容组校对
muerto,adj,n/a,A1,,死的,muerto,Contexto: muerto.,例句待内容组补充（muerto）。,muerto.jpg,A1|adj|日常,,很快,似乎,原谅,词库自动生成_待内容组校对
durante,prep,n/a,A1,,期间,durante,Contexto: durante.,例句待内容组补充（durante）。,durante.jpg,A1|prep|语法|日常,,后,足够的,保证,词库自动生成_待内容组校对
pasado,n,m,A1,,过去的,pasado,Contexto: pasado.,例句待内容组补充（pasado）。,pasado.jpg,A1|n|日常,,星期,办公室,难的,词库自动生成_待内容组校对
recordar,v,n/a,A1,,记住,recordar,Contexto: recordar.,例句待内容组补充（recordar）。,recordar.jpg,A1|v|变位|日常,,衣服,市场,为了（目的）,词库自动生成_待内容组校对
semana,n,f,A1,,星期,semana,Contexto: semana.,例句待内容组补充（semana）。,semana.jpg,A1|n|日常,,某人,会议,爱,词库自动生成_待内容组校对
cierto,adj,n/a,A1,,真的,cierto,Contexto: cierto.,例句待内容组补充（cierto）。,cierto.jpg,A1|adj|日常,,身体,事情,品尝,词库自动生成_待内容组校对
contra,prep,n/a,A1,,反对,contra,Contexto: contra.,例句待内容组补充（contra）。,contra.jpg,A1|prep|语法|日常,,协议,四,空气,词库自动生成_待内容组校对
tarde,adv,n/a,A1,,晚的,tarde,Contexto: tarde.,例句待内容组补充（tarde）。,tarde.jpg,A1|adv|日常,,完美的,改变,发生,词库自动生成_待内容组校对
segundo,adj,n/a,A1,,第二,segundo,Contexto: segundo.,例句待内容组补充（segundo）。,segundo.jpg,A1|adj|日常,,衣服,我们的,中风,词库自动生成_待内容组校对
cambiar,v,n/a,A1,,改变,cambiar,Contexto: cambiar.,例句待内容组补充（cambiar）。,cambiar.jpg,A1|v|变位|日常,,放,一些,介绍,词库自动生成_待内容组校对
familia,n,f,A1,famiˈlja,家庭,family,Mi familia es grande.,我的家庭很大。,familia.jpg,日常|名词,专四,朋友,公司,国家,词库自动生成_待内容组校对
usar,v,n/a,A1,,穿,usar,Contexto: usar.,例句待内容组补充（usar）。,usar.jpg,A1|v|变位|日常,,忘记,社会的,头发,词库自动生成_待内容组校对
policía,n,f,A1,,警察,policía,Contexto: policía.,例句待内容组补充（policía）。,policía.jpg,A1|n|日常,,梦,仅仅,亲爱的,词库自动生成_待内容组校对
comer,v,n/a,A1,koˈmeɾ,吃,to eat,Como fruta cada día.,我每天吃水果。,comer.jpg,日常|变位,, beber, dormir, cocinar,词库自动生成_待内容组校对
conmigo,adv,n/a,A1,,与我一起,conmigo,Contexto: conmigo.,例句待内容组补充（conmigo）。,conmigo.jpg,A1|adv|日常,,是；对,部长,atención（待校对）,词库自动生成_待内容组校对
sacar,v,n/a,A1,,取出,sacar,Contexto: sacar.,例句待内容组补充（sacar）。,sacar.jpg,A1|v|变位|日常,,常见的,二,爸爸,词库自动生成_待内容组校对
mientras,conj,n/a,A1,,尽管,mientras,Contexto: mientras.,例句待内容组补充（mientras）。,mientras.jpg,A1|conj|语法|日常,,西班牙,住口,年轻人,词库自动生成_待内容组校对
mantener,v,n/a,A1,,保持,mantener,Contexto: mantener.,例句待内容组补充（mantener）。,mantener.jpg,A1|v|变位|日常,,格莱登,地面,准备,词库自动生成_待内容组校对
realmente,adv,n/a,A1,,真的,realmente,Contexto: realmente.,例句待内容组补充（realmente）。,realmente.jpg,A1|adv|日常,,到达,看法,缺少,词库自动生成_待内容组校对
serio,adj,n/a,A1,,严肃的,serio,Contexto: serio.,例句待内容组补充（serio）。,serio.jpg,A1|adj|日常,,正确的,相信,过程,词库自动生成_待内容组校对
país,n,m,A1,paˈis,国家,country,España es un país bonito.,西班牙是一个美丽的国家。,país.jpg,日常|名词,专四|专八,城市,大陆,岛屿,词库自动生成_待内容组校对
contar,v,n/a,A1,,数数,contar,Contexto: contar.,例句待内容组补充（contar）。,contar.jpg,A1|v|变位|日常,,熟人,意思是,陪伴,词库自动生成_待内容组校对
minuto,n,m,A1,,分钟,minuto,Contexto: minuto.,例句待内容组补充（minuto）。,minuto.jpg,A1|n|日常,,手术,和,西班牙,词库自动生成_待内容组校对
mierda,n,f,A1,,拉屎,mierda,Contexto: mierda.,例句待内容组补充（mierda）。,mierda.jpg,A1|n|日常,,顾客,制成,的,词库自动生成_待内容组校对
olvidar,v,n/a,A1,,忘记,olvidar,Contexto: olvidar.,例句待内容组补充（olvidar）。,olvidar.jpg,A1|v|变位|日常,,根据,这里,车,词库自动生成_待内容组校对
propio,adj,n/a,A1,,自己的,propio,Contexto: propio.,例句待内容组补充（propio）。,propio.jpg,A1|adj|日常,,你。,但,一些,词库自动生成_待内容组校对
pues,conj,n/a,A1,,出色地,pues,Contexto: pues.,例句待内容组补充（pues）。,pues.jpg,A1|conj|语法|日常,,消息,游戏,那里,词库自动生成_待内容组校对
e,conj,n/a,A1,,和,e,Contexto: e.,例句待内容组补充（e）。,e.jpg,A1|conj|语法|日常,,伙伴,接受,星期,词库自动生成_待内容组校对
aunque,conj,n/a,A1,,虽然,aunque,Contexto: aunque.,例句待内容组补充（aunque）。,aunque.jpg,A1|conj|语法|日常,,原因,从不,没有人,词库自动生成_待内容组校对
historia,n,f,A1,,历史,historia,Contexto: historia.,例句待内容组补充（historia）。,historia.jpg,A1|n|日常,,茶,这里,梦,词库自动生成_待内容组校对
amor,n,m,A1,,爱,amor,Contexto: amor.,例句待内容组补充（amor）。,amor.jpg,A1|n|日常,,时间,手臂,她,词库自动生成_待内容组校对
lado,n,m,A1,,边,lado,Contexto: lado.,例句待内容组补充（lado）。,lado.jpg,A1|n|日常,,状态,病人,试图,词库自动生成_待内容组校对
junto,adj,n/a,A1,,一起,junto,Contexto: junto.,例句待内容组补充（junto）。,junto.jpg,A1|adj|日常,,职业,展示,抵达,词库自动生成_待内容组校对
hacia,prep,n/a,A1,,朝向,hacia,Contexto: hacia.,例句待内容组补充（hacia）。,hacia.jpg,A1|prep|语法|日常,,活,寻找,喝,词库自动生成_待内容组校对
manera,n,f,A1,,方式,manera,Contexto: manera.,例句待内容组补充（manera）。,manera.jpg,A1|n|日常,,美元,清楚的,遭受,词库自动生成_待内容组校对
cabeza,n,f,A1,,头,cabeza,Contexto: cabeza.,例句待内容组补充（cabeza）。,cabeza.jpg,A1|n|日常,,梦,全部,参考,词库自动生成_待内容组校对
punto,n,m,A1,,点,punto,Contexto: punto.,例句待内容组补充（punto）。,punto.jpg,A1|n|日常,,明天,位置,沉默,词库自动生成_待内容组校对
mayor,adj,n/a,A1,,老年,mayor,Contexto: mayor.,例句待内容组补充（mayor）。,mayor.jpg,A1|adj|日常,,想,解决,学校,词库自动生成_待内容组校对
todavía,adv,n/a,A1,,仍然,todavía,Contexto: todavía.,例句待内容组补充（todavía）。,todavía.jpg,A1|adv|日常,,难的,扔,重要的,词库自动生成_待内容组校对
cualquiera,adj,n/a,A1,,任何,cualquiera,Contexto: cualquiera.,例句待内容组补充（cualquiera）。,cualquiera.jpg,A1|adj|日常,,里面,坏的,或许,词库自动生成_待内容组校对
casi,adv,n/a,A1,,casi（待校对）,casi,Contexto: casi.,例句待内容组补充（casi）。,casi.jpg,A1|adv|日常,,爱,介绍,医院,词库自动生成_待内容组校对
contigo,adv,n/a,A1,,与你,contigo,Contexto: contigo.,例句待内容组补充（contigo）。,contigo.jpg,A1|adv|日常,,丈夫,遭受,转变,词库自动生成_待内容组校对
mes,n,n/a,A1,,月,mes,Contexto: mes.,例句待内容组补充（mes）。,mes.jpg,A1|n|日常,,远的,经过,奇妙,词库自动生成_待内容组校对
ciudad,n,f,A1,θjuˈðað,城市,city,Madrid es una ciudad grande.,马德里是一座大城市。,ciudad.jpg,日常|名词,专四|专八,村庄,国家,河流,词库自动生成_待内容组校对
importante,adj,n/a,A1,,重要的,importante,Contexto: importante.,例句待内容组补充（importante）。,importante.jpg,A1|adj|日常,,律师,社会的,读,词库自动生成_待内容组校对
demasiado,adv,n/a,A1,,太多了,demasiado,Contexto: demasiado.,例句待内容组补充（demasiado）。,demasiado.jpg,A1|adv|日常,,边,邮政,总统,词库自动生成_待内容组校对
preocupar,v,n/a,A1,,担心,preocupar,Contexto: preocupar.,例句待内容组补充（preocupar）。,preocupar.jpg,A1|v|变位|日常,,职员,医院,城市,词库自动生成_待内容组校对
poder,n,n/a,A1,,能,poder,Contexto: poder.,例句待内容组补充（poder）。,poder.jpg,A1|n|日常,,作为,交易,没有人,词库自动生成_待内容组校对
ganar,v,n/a,A1,,获得,ganar,Contexto: ganar.,例句待内容组补充（ganar）。,ganar.jpg,A1|v|变位|日常,,某人,国家的,解释,词库自动生成_待内容组校对
cuánto,adj,n/a,A1,,多少,cuánto,Contexto: cuánto.,例句待内容组补充（cuánto）。,cuánto.jpg,A1|adj|日常,,愚蠢的,número（待校对）,继续,词库自动生成_待内容组校对
tío,n,m,A1,,叔叔,tío,Contexto: tío.,例句待内容组补充（tío）。,tío.jpg,A1|n|日常,,出色地,消除,后,词库自动生成_待内容组校对
puerta,n,f,A1,,门,puerta,Contexto: puerta.,例句待内容组补充（puerta）。,puerta.jpg,A1|n|日常,,邮政,什么时候,系统,词库自动生成_待内容组校对
palabra,n,f,A1,,单词,palabra,Contexto: palabra.,例句待内容组补充（palabra）。,palabra.jpg,A1|n|日常,,可能的,前额,一些,词库自动生成_待内容组校对
ojo,n,m,A1,,眼睛,ojo,Contexto: ojo.,例句待内容组补充（ojo）。,ojo.jpg,A1|n|日常,,严肃的,消失,弄清楚,词库自动生成_待内容组校对
agua,n,f,A1,ˈaɣwa,水,water,El agua es importante.,水很重要。,agua.jpg,日常|名词,,牛奶,果汁,咖啡,词库自动生成_待内容组校对
medio,n,m,A1,,一半,medio,Contexto: medio.,例句待内容组补充（medio）。,medio.jpg,A1|n|日常,,老师,兄弟,民众,词库自动生成_待内容组校对
dentro,adv,n/a,A1,,里面,dentro,Contexto: dentro.,例句待内容组补充（dentro）。,dentro.jpg,A1|adv|日常,,头,看,五,词库自动生成_待内容组校对
abrir,v,n/a,A1,,打开,abrir,Contexto: abrir.,例句待内容组补充（abrir）。,abrir.jpg,A1|v|变位|日常,,事务,其他的,普通的,词库自动生成_待内容组校对
jugar,v,n/a,A1,,玩,jugar,Contexto: jugar.,例句待内容组补充（jugar）。,jugar.jpg,A1|v|变位|日常,,全部,爱,进入,词库自动生成_待内容组校对
llamado,adj,n/a,A1,,被称为,llamado,Contexto: llamado.,例句待内容组补充（llamado）。,llamado.jpg,A1|adj|日常,,高的,放,老师,词库自动生成_待内容组校对
loco,n,m,A1,,疯狂的,loco,Contexto: loco.,例句待内容组补充（loco）。,loco.jpg,A1|n|日常,,发送,怀疑,疼痛,词库自动生成_待内容组校对
ocurrir,v,n/a,A1,,发生,ocurrir,Contexto: ocurrir.,例句待内容组补充（ocurrir）。,ocurrir.jpg,A1|v|变位|日常,,接受,前,到,词库自动生成_待内容组校对
alto,adj,n/a,A1,,高的,alto,Contexto: alto.,例句待内容组补充（alto）。,alto.jpg,A1|adj|日常,,工作,旅行,前额,词库自动生成_待内容组校对
aquel,adj,n/a,A1,,那,aquel,Contexto: aquel.,例句待内容组补充（aquel）。,aquel.jpg,A1|adj|日常,,古老的,消息,孩子,词库自动生成_待内容组校对
fin,n,n/a,A1,,结尾,fin,Contexto: fin.,例句待内容组补充（fin）。,fin.jpg,A1|n|日常,,离开,还,发送,词库自动生成_待内容组校对
pagar,v,n/a,A1,,支付,pagar,Contexto: pagar.,例句待内容组补充（pagar）。,pagar.jpg,A1|v|变位|日常,,地面,更好的,两者都不,词库自动生成_待内容组校对
camino,n,m,A1,,小路,camino,Contexto: camino.,例句待内容组补充（camino）。,camino.jpg,A1|n|日常,,工作,歌曲,影响,词库自动生成_待内容组校对
esposo,n,m,A1,,丈夫,esposo,Contexto: esposo.,例句待内容组补充（esposo）。,esposo.jpg,A1|n|日常,,醒来,做,一,词库自动生成_待内容组校对
permitir,v,n/a,A1,,允许,permitir,Contexto: permitir.,例句待内容组补充（permitir）。,permitir.jpg,A1|v|变位|日常,,酒店,下列的,顾客,词库自动生成_待内容组校对
recibir,v,n/a,A1,,收到,recibir,Contexto: recibir.,例句待内容组补充（recibir）。,recibir.jpg,A1|v|变位|日常,,小的,部长,律师,词库自动生成_待内容组校对
pregunta,n,f,A1,,pregunta（待校对）,pregunta,Contexto: pregunta.,例句待内容组补充（pregunta）。,pregunta.jpg,A1|n|日常,,恢复,我们的,结尾,词库自动生成_待内容组校对
leer,v,n/a,A1,,读,leer,Contexto: leer.,例句待内容组补充（leer）。,leer.jpg,A1|v|变位|日常,,与你,镇,问,词库自动生成_待内容组校对
significar,v,n/a,A1,,意思是,significar,Contexto: significar.,例句待内容组补充（significar）。,significar.jpg,A1|v|变位|日常,,达到,问,仅有的,词库自动生成_待内容组校对
suceder,v,n/a,A1,,发生,suceder,Contexto: suceder.,例句待内容组补充（suceder）。,suceder.jpg,A1|v|变位|日常,,士兵,艺术,大学,词库自动生成_待内容组校对
muerte,n,n/a,A1,,死亡,muerte,Contexto: muerte.,例句待内容组补充（muerte）。,muerte.jpg,A1|n|日常,,社会的,偷,介绍,词库自动生成_待内容组校对
millón,n,n/a,A1,,百万,millón,Contexto: millón.,例句待内容组补充（millón）。,millón.jpg,A1|n|日常,,帐户,后退,五,词库自动生成_待内容组校对
general,adj,n/a,A1,,一般的,general,Contexto: general.,例句待内容组补充（general）。,general.jpg,A1|adj|日常,,职员,女性,爸爸,词库自动生成_待内容组校对
dormir,v,n/a,A1,,睡觉,dormir,Contexto: dormir.,例句待内容组补充（dormir）。,dormir.jpg,A1|v|变位|日常,,镇,多少,出色地,词库自动生成_待内容组校对
realidad,n,f,A1,,现实,realidad,Contexto: realidad.,例句待内容组补充（realidad）。,realidad.jpg,A1|n|日常,,那,有能力的,交易,词库自动生成_待内容组校对
caer,v,n/a,A1,,落下,caer,Contexto: caer.,例句待内容组补充（caer）。,caer.jpg,A1|v|变位|日常,,清除,问,为了（目的）,词库自动生成_待内容组校对
rápido,adj,n/a,A1,,快速地,rápido,Contexto: rápido.,例句待内容组补充（rápido）。,rápido.jpg,A1|adj|日常,,我,状态,很多,词库自动生成_待内容组校对
enviar,v,n/a,A1,,发送,enviar,Contexto: enviar.,例句待内容组补充（enviar）。,enviar.jpg,A1|v|变位|日常,,杰克,收到,预约,词库自动生成_待内容组校对
acercar,v,n/a,A1,,放大,acercar,Contexto: acercar.,例句待内容组补充（acercar）。,acercar.jpg,A1|v|变位|日常,,可能的,到,作为,词库自动生成_待内容组校对
equipo,n,m,A1,,设备,equipo,Contexto: equipo.,例句待内容组补充（equipo）。,equipo.jpg,A1|n|日常,,昨天,甜的,地面,词库自动生成_待内容组校对
cuál,pron,n/a,A1,,哪个,cuál,Contexto: cuál.,例句待内容组补充（cuál）。,cuál.jpg,A1|pron|日常,,多发性硬化症。,她,大厅,词库自动生成_待内容组校对
ayuda,n,f,A1,,援助,ayuda,Contexto: ayuda.,例句待内容组补充（ayuda）。,ayuda.jpg,A1|n|日常,,床,男朋友,地方,词库自动生成_待内容组校对
cuerpo,n,m,A1,,身体,cuerpo,Contexto: cuerpo.,例句待内容组补充（cuerpo）。,cuerpo.jpg,A1|n|日常,,其他的,床,军队,词库自动生成_待内容组校对
jefe,n,n/a,A1,,老板,jefe,Contexto: jefe.,例句待内容组补充（jefe）。,jefe.jpg,A1|n|日常,,起床,街道,控制,词库自动生成_待内容组校对
presidente,n,n/a,A1,,总统,presidente,Contexto: presidente.,例句待内容组补充（presidente）。,presidente.jpg,A1|n|日常,,打开,活动,盐,词库自动生成_待内容组校对
mover,v,n/a,A1,,移动,mover,Contexto: mover.,例句待内容组补充（mover）。,mover.jpg,A1|v|变位|日常,,意思是,昨天,选择,词库自动生成_待内容组校对
comprar,v,n/a,A1,,买,comprar,Contexto: comprar.,例句待内容组补充（comprar）。,comprar.jpg,A1|v|变位|日常,,光,能,其他的,词库自动生成_待内容组校对
supuesto,n,m,A1,,假设,supuesto,Contexto: supuesto.,例句待内容组补充（supuesto）。,supuesto.jpg,A1|n|日常,,那,昨夜,腿,词库自动生成_待内容组校对
bajo,prep,n/a,A1,,低的,bajo,Contexto: bajo.,例句待内容组补充（bajo）。,bajo.jpg,A1|prep|语法|日常,,服务,发送,部长,词库自动生成_待内容组校对
gobierno,n,m,A1,,政府,gobierno,Contexto: gobierno.,例句待内容组补充（gobierno）。,gobierno.jpg,A1|n|日常,,出去,杰出的,结婚,词库自动生成_待内容组校对
quizá,adv,n/a,A1,,或许,quizá,Contexto: quizá.,例句待内容组补充（quizá）。,quizá.jpg,A1|adv|日常,,等待,活动,顾客,词库自动生成_待内容组校对
comenzar,v,n/a,A1,,开始,comenzar,Contexto: comenzar.,例句待内容组补充（comenzar）。,comenzar.jpg,A1|v|变位|日常,,兴趣,计划,对不起,词库自动生成_待内容组校对
joven,adj,n/a,A1,,年轻的,joven,Contexto: joven.,例句待内容组补充（joven）。,joven.jpg,A1|adj|日常,,根据,在哪里,写,词库自动生成_待内容组校对
viejo,n,n/a,A1,ˈbjexo,旧的；老的,old,Mi abuelo es viejo.,我爷爷年纪大了。,viejo.jpg,日常|形容词,,新的,年轻的,小的,词库自动生成_待内容组校对
tierra,n,f,A1,,土地,tierra,Contexto: tierra.,例句待内容组补充（tierra）。,tierra.jpg,A1|n|日常,,你好,切,证明,词库自动生成_待内容组校对
número,n,m,A1,,número（待校对）,número,Contexto: número.,例句待内容组补充（número）。,número.jpg,A1|n|日常,,但,昨夜,年,词库自动生成_待内容组校对
cuatro,n,m,A1,,四,cuatro,Contexto: cuatro.,例句待内容组补充（cuatro）。,cuatro.jpg,A1|n|日常,,欲望,因为,需要,词库自动生成_待内容组校对
feliz,adj,n/a,A1,,快乐的,feliz,Contexto: feliz.,例句待内容组补充（feliz）。,feliz.jpg,A1|adj|日常,,一对,光,仅有的,词库自动生成_待内容组校对
final,n,n/a,A1,,结尾,final,Contexto: final.,例句待内容组补充（final）。,final.jpg,A1|n|日常,,记住,其他,接受,词库自动生成_待内容组校对
regresar,v,n/a,A1,,回去,regresar,Contexto: regresar.,例句待内容组补充（regresar）。,regresar.jpg,A1|v|变位|日常,,约克,兴趣,桌子,词库自动生成_待内容组校对
grupo,n,m,A1,,簇,grupo,Contexto: grupo.,例句待内容组补充（grupo）。,grupo.jpg,A1|n|日常,,起床,街道,坐,词库自动生成_待内容组校对
guerra,n,f,A1,,战争,guerra,Contexto: guerra.,例句待内容组补充（guerra）。,guerra.jpg,A1|n|日常,,他妈的,西班牙,反对,词库自动生成_待内容组校对
cariño,n,m,A1,,亲爱的,cariño,Contexto: cariño.,例句待内容组补充（cariño）。,cariño.jpg,A1|n|日常,,战争,再见,价格,词库自动生成_待内容组校对
además,adv,n/a,A1,,除了,además,Contexto: además.,例句待内容组补充（además）。,además.jpg,A1|adv|日常,,头,一起,黑色的,词库自动生成_待内容组校对
posible,adj,n/a,A1,,可能的,posible,Contexto: posible.,例句待内容组补充（posible）。,posible.jpg,A1|adj|日常,,悲伤,五,更远,词库自动生成_待内容组校对
echar,v,n/a,A1,,扔,echar,Contexto: echar.,例句待内容组补充（echar）。,echar.jpg,A1|v|变位|日常,,坐,工作,的,词库自动生成_待内容组校对
clase,n,n/a,A1,,班级,clase,Contexto: clase.,例句待内容组补充（clase）。,clase.jpg,A1|n|日常,,有能力的,收集,运气,词库自动生成_待内容组校对
cual,pron,n/a,A1,,哪个,cual,Contexto: cual.,例句待内容组补充（cual）。,cual.jpg,A1|pron|日常,,过去的,邪恶的,团结的,词库自动生成_待内容组校对
arma,n,m,A1,,武器,arma,Contexto: arma.,例句待内容组补充（arma）。,arma.jpg,A1|n|日常,,旅行,拿,桌子,词库自动生成_待内容组校对
cinco,n,m,A1,,五,cinco,Contexto: cinco.,例句待内容组补充（cinco）。,cinco.jpg,A1|n|日常,,制成,甚至,学校,词库自动生成_待内容组校对
pronto,adv,n/a,A1,,很快,pronto,Contexto: pronto.,例句待内容组补充（pronto）。,pronto.jpg,A1|adv|日常,,寻找,十,后,词库自动生成_待内容组校对
convertir,v,n/a,A1,,转变,convertir,Contexto: convertir.,例句待内容组补充（convertir）。,convertir.jpg,A1|v|变位|日常,,好的,坏的,我们的,词库自动生成_待内容组校对
difícil,adj,n/a,A1,,难的,difícil,Contexto: difícil.,例句待内容组补充（difícil）。,difícil.jpg,A1|adj|日常,,全部,已经,递送,词库自动生成_待内容组校对
cara,n,f,A1,,脸,cara,Contexto: cara.,例句待内容组补充（cara）。,cara.jpg,A1|n|日常,,白天；天,喜欢,lugar（待校对）,词库自动生成_待内容组校对
sino,conj,n/a,A1,,但,sino,Contexto: sino.,例句待内容组补充（sino）。,sino.jpg,A1|conj|语法|日常,,矿,公平的,背景,词库自动生成_待内容组校对
genial,adj,n/a,A1,,杰出的,genial,Contexto: genial.,例句待内容组补充（genial）。,genial.jpg,A1|adj|日常,,强的,前,保持,词库自动生成_待内容组校对
tocar,v,n/a,A1,,轻敲,tocar,Contexto: tocar.,例句待内容组补充（tocar）。,tocar.jpg,A1|v|变位|日常,,时间；天气,这样的,喜欢,词库自动生成_待内容组校对
largo,adj,n/a,A1,,长的,largo,Contexto: largo.,例句待内容组补充（largo）。,largo.jpg,A1|adj|日常,,生长,病人,detener（待校对）,词库自动生成_待内容组校对
juego,n,m,A1,,游戏,juego,Contexto: juego.,例句待内容组补充（juego）。,juego.jpg,A1|n|日常,,寻找,做,好的,词库自动生成_待内容组校对
escribir,v,n/a,A1,,写,escribir,Contexto: escribir.,例句待内容组补充（escribir）。,escribir.jpg,A1|v|变位|日常,,喜欢,达到,结婚,词库自动生成_待内容组校对
meter,v,n/a,A1,,放,meter,Contexto: meter.,例句待内容组补充（meter）。,meter.jpg,A1|v|变位|日常,,杰克,地址,祖父,词库自动生成_待内容组校对
igual,adj,n/a,A1,,平等的,igual,Contexto: igual.,例句待内容组补充（igual）。,igual.jpg,A1|adj|日常,,心,过程,问,词库自动生成_待内容组校对
incluso,adv,n/a,A1,,甚至,incluso,Contexto: incluso.,例句待内容组补充（incluso）。,incluso.jpg,A1|adv|日常,,见面,官方的,经济的,词库自动生成_待内容组校对
doctor,n,m,A1,,医生,doctor,Contexto: doctor.,例句待内容组补充（doctor）。,doctor.jpg,A1|n|日常,,问,责备,低的,词库自动生成_待内容组校对
corazón,n,n/a,A1,,心,corazón,Contexto: corazón.,例句待内容组补充（corazón）。,corazón.jpg,A1|n|日常,,酒店,准备好了,爱,词库自动生成_待内容组校对
detener,v,n/a,A1,,detener（待校对）,detener,Contexto: detener.,例句待内容组补充（detener）。,detener.jpg,A1|v|变位|日常,,真的,里面,摊位,词库自动生成_待内容组校对
adiós,n,n/a,A1,aˈðjos,再见,goodbye,¡Adiós! Hasta mañana.,再见！明天见。,adiós.jpg,日常|问候,,你好,请,欢迎,词库自动生成_待内容组校对
siquiera,adv,n/a,A1,,甚至,siquiera,Contexto: siquiera.,例句待内容组补充（siquiera）。,siquiera.jpg,A1|adv|日常,,悲伤,旧的；老的,四,词库自动生成_待内容组校对
ello,pron,n/a,A1,,它,ello,Contexto: ello.,例句待内容组补充（ello）。,ello.jpg,A1|pron|日常,,清除,很少,遭受,词库自动生成_待内容组校对
decidir,v,n/a,A1,,决定,decidir,Contexto: decidir.,例句待内容组补充（decidir）。,decidir.jpg,A1|v|变位|日常,,事情,总统,诞生,词库自动生成_待内容组校对
suerte,n,n/a,A1,,运气,suerte,Contexto: suerte.,例句待内容组补充（suerte）。,suerte.jpg,A1|n|日常,,电话,小路,老师,词库自动生成_待内容组校对
ayer,adv,n/a,A1,,昨天,ayer,Contexto: ayer.,例句待内容组补充（ayer）。,ayer.jpg,A1|adv|日常,,医院,哟,帐户,词库自动生成_待内容组校对
libro,n,m,A1,ˈliβɾo,书,book,Leo un libro interesante.,我在读一本有趣的书。,libro.jpg,日常|名词,,笔,桌子,电脑,词库自动生成_待内容组校对
correr,v,n/a,A1,,跑步,correr,Contexto: correr.,例句待内容组补充（correr）。,correr.jpg,A1|v|变位|日常,,你,图像,禁运,词库自动生成_待内容组校对
según,prep,n/a,A1,,根据,según,Contexto: según.,例句待内容组补充（según）。,según.jpg,A1|prep|语法|日常,,每个,控制,法律,词库自动生成_待内容组校对
funcionar,v,n/a,A1,,工作,funcionar,Contexto: funcionar.,例句待内容组补充（funcionar）。,funcionar.jpg,A1|v|变位|日常,,反对,是；对,驾驶,词库自动生成_待内容组校对
vivo,adj,n/a,A1,,活,vivo,Contexto: vivo.,例句待内容组补充（vivo）。,vivo.jpg,A1|adj|日常,,年轻人,一些,爱,词库自动生成_待内容组校对
luz,n,n/a,A1,,光,luz,Contexto: luz.,例句待内容组补充（luz）。,luz.jpg,A1|n|日常,,难的,爱,丈夫,词库自动生成_待内容组校对
quizás,adv,n/a,A1,,或许,quizás,Contexto: quizás.,例句待内容组补充（quizás）。,quizás.jpg,A1|adv|日常,,公平的,今天,奇妙,词库自动生成_待内容组校对
justo,adj,n/a,A1,,公平的,justo,Contexto: justo.,例句待内容组补充（justo）。,justo.jpg,A1|adj|日常,,空间,系统,读,词库自动生成_待内容组校对
miedo,n,m,A1,,害怕,miedo,Contexto: miedo.,例句待内容组补充（miedo）。,miedo.jpg,A1|n|日常,,接受,孩子,足够了,词库自动生成_待内容组校对
modo,n,m,A1,,模式,modo,Contexto: modo.,例句待内容组补充（modo）。,modo.jpg,A1|n|日常,,达到,正确的,嗓音,词库自动生成_待内容组校对
relación,n,f,A1,,关系,relación,Contexto: relación.,例句待内容组补充（relación）。,relación.jpg,A1|n|日常,,士兵,后,可能的,词库自动生成_待内容组校对
cambio,n,m,A1,,改变,cambio,Contexto: cambio.,例句待内容组补充（cambio）。,cambio.jpg,A1|n|日常,,有,是的,写,词库自动生成_待内容组校对
público,adj,n/a,A1,,民众,público,Contexto: público.,例句待内容组补充（público）。,público.jpg,A1|adj|日常,,看待,可能性,位置,词库自动生成_待内容组校对
derecho,n,m,A1,,正确的,derecho,Contexto: derecho.,例句待内容组补充（derecho）。,derecho.jpg,A1|n|日常,,白色的,全部,河,词库自动生成_待内容组校对
presentar,v,n/a,A1,,介绍,presentar,Contexto: presentar.,例句待内容组补充（presentar）。,presentar.jpg,A1|v|变位|日常,,包括,仍然,真的,词库自动生成_待内容组校对
cerca,adv,n/a,A1,,靠近,cerca,Contexto: cerca.,例句待内容组补充（cerca）。,cerca.jpg,A1|adv|日常,,工作,他妈的,满的,词库自动生成_待内容组校对
suficiente,adj,n/a,A1,,足够的,suficiente,Contexto: suficiente.,例句待内容组补充（suficiente）。,suficiente.jpg,A1|adj|日常,,笨蛋,关于,班级,词库自动生成_待内容组校对
prueba,n,f,A1,,证明,prueba,Contexto: prueba.,例句待内容组补充（prueba）。,prueba.jpg,A1|n|日常,,事故,没有,孩子,词库自动生成_待内容组校对
próximo,adj,n/a,A1,,下一个,próximo,Contexto: próximo.,例句待内容组补充（próximo）。,próximo.jpg,A1|adj|日常,,仍然,递送,自由的,词库自动生成_待内容组校对
fuerte,adj,n/a,A1,,强的,fuerte,Contexto: fuerte.,例句待内容组补充（fuerte）。,fuerte.jpg,A1|adj|日常,,所以,其他,酒店,词库自动生成_待内容组校对
existir,v,n/a,A1,,存在,existir,Contexto: existir.,例句待内容组补充（existir）。,existir.jpg,A1|v|变位|日常,,丈夫,祖父,脚,词库自动生成_待内容组校对
sentido,n,m,A1,,感觉,sentido,Contexto: sentido.,例句待内容组补充（sentido）。,sentido.jpg,A1|n|日常,,那里,完美的,说,词库自动生成_待内容组校对
orden,n,n/a,A1,,命令,orden,Contexto: orden.,例句待内容组补充（orden）。,orden.jpg,A1|n|日常,,例子,美丽的,但,词库自动生成_待内容组校对
perro,n,m,A1,,狗,perro,Contexto: perro.,例句待内容组补充（perro）。,perro.jpg,A1|n|日常,,商业,和,他,词库自动生成_待内容组校对
humano,adj,n/a,A1,,人类,humano,Contexto: humano.,例句待内容组补充（humano）。,humano.jpg,A1|adj|日常,,丈夫,帮助,价格,词库自动生成_待内容组校对
vuelta,n,f,A1,,圈,vuelta,Contexto: vuelta.,例句待内容组补充（vuelta）。,vuelta.jpg,A1|n|日常,,经济的,大概,丈夫,词库自动生成_待内容组校对
listo,adj,n/a,A1,,准备好,listo,Contexto: listo.,例句待内容组补充（listo）。,listo.jpg,A1|adj|日常,,经济的,生活；居住,缺少,词库自动生成_待内容组校对
mostrar,v,n/a,A1,,展示,mostrar,Contexto: mostrar.,例句待内容组补充（mostrar）。,mostrar.jpg,A1|v|变位|日常,,光,准备好了,悲伤,词库自动生成_待内容组校对
subir,v,n/a,A1,,增加,subir,Contexto: subir.,例句待内容组补充（subir）。,subir.jpg,A1|v|变位|日常,,伙伴,钥匙,更远,词库自动生成_待内容组校对
coche,n,n/a,A1,,车,coche,Contexto: coche.,例句待内容组补充（coche）。,coche.jpg,A1|n|日常,,知道,公司,陪伴,词库自动生成_待内容组校对
servir,v,n/a,A1,,服务,servir,Contexto: servir.,例句待内容组补充（servir）。,servir.jpg,A1|v|变位|日常,,坐,发送,社会,词库自动生成_待内容组校对
ox,n,n/a,A1,,牛,ox,Contexto: ox.,例句待内容组补充（ox）。,ox.jpg,A1|n|日常,,获得,有,杀,词库自动生成_待内容组校对
sentar,v,n/a,A1,,坐,sentar,Contexto: sentar.,例句待内容组补充（sentar）。,sentar.jpg,A1|v|变位|日常,,社会,计划,拿,词库自动生成_待内容组校对
salvar,v,n/a,A1,,节省,salvar,Contexto: salvar.,例句待内容组补充（salvar）。,salvar.jpg,A1|v|变位|日常,,斗争,可能性,移动,词库自动生成_待内容组校对
blanco,adj,n/a,A1,,白色的,blanco,Contexto: blanco.,例句待内容组补充（blanco）。,blanco.jpg,A1|adj|日常,,全部,小时,直到,词库自动生成_待内容组校对
fuerza,n,f,A1,,力量,fuerza,Contexto: fuerza.,例句待内容组补充（fuerza）。,fuerza.jpg,A1|n|日常,,千,第二,起床,词库自动生成_待内容组校对
sistema,n,m,A1,,系统,sistema,Contexto: sistema.,例句待内容组补充（sistema）。,sistema.jpg,A1|n|日常,,第三,对不起,特别的,词库自动生成_待内容组校对
explicar,v,n/a,A1,,解释,explicar,Contexto: explicar.,例句待内容组补充（explicar）。,explicar.jpg,A1|v|变位|日常,,电话,贫穷的,能,词库自动生成_待内容组校对
bastante,adv,n/a,A1,,相当,bastante,Contexto: bastante.,例句待内容组补充（bastante）。,bastante.jpg,A1|adv|日常,,除了,三,消息,词库自动生成_待内容组校对
levantar,v,n/a,A1,,起床,levantar,Contexto: levantar.,例句待内容组补充（levantar）。,levantar.jpg,A1|v|变位|日常,,那,小路,选择,词库自动生成_待内容组校对
adelante,adv,n/a,A1,,向前,adelante,Contexto: adelante.,例句待内容组补充（adelante）。,adelante.jpg,A1|adv|日常,,社会的,假设,弄清楚,词库自动生成_待内容组校对
mil,n,n/a,A1,,千,mil,Contexto: mil.,例句待内容组补充（mil）。,mil.jpg,A1|n|日常,,社会的,太阳,公平的,词库自动生成_待内容组校对
considerar,v,n/a,A1,,考虑,considerar,Contexto: considerar.,例句待内容组补充（considerar）。,considerar.jpg,A1|v|变位|日常,,援助,战争,大约,词库自动生成_待内容组校对
paso,n,m,A1,,通过了,paso,Contexto: paso.,例句待内容组补充（paso）。,paso.jpg,A1|n|日常,,斗争,自由,detener（待校对）,词库自动生成_待内容组校对
asegurar,v,n/a,A1,,确保,asegurar,Contexto: asegurar.,例句待内容组补充（asegurar）。,asegurar.jpg,A1|v|变位|日常,,低的,这,简单地,词库自动生成_待内容组校对
aceptar,v,n/a,A1,,接受,aceptar,Contexto: aceptar.,例句待内容组补充（aceptar）。,aceptar.jpg,A1|v|变位|日常,,决定,机会,出色地,词库自动生成_待内容组校对
quitar,v,n/a,A1,,消除,quitar,Contexto: quitar.,例句待内容组补充（quitar）。,quitar.jpg,A1|v|变位|日常,,水,我们,两者都不,词库自动生成_待内容组校对
plan,n,n/a,A1,,计划,plan,Contexto: plan.,例句待内容组补充（plan）。,plan.jpg,A1|n|日常,,酒店,今天,的,词库自动生成_待内容组校对
calle,n,n/a,A1,,街道,calle,Contexto: calle.,例句待内容组补充（calle）。,calle.jpg,A1|n|日常,,轻敲,先生,原则,词库自动生成_待内容组校对
pueblo,n,m,A1,,镇,pueblo,Contexto: pueblo.,例句待内容组补充（pueblo）。,pueblo.jpg,A1|n|日常,,很快,状况,你,词库自动生成_待内容组校对
cuidado,n,m,A1,,小心,cuidado,Contexto: cuidado.,例句待内容组补充（cuidado）。,cuidado.jpg,A1|n|日常,,快速地,书,这么多,词库自动生成_待内容组校对
negro,adj,n/a,A1,,黑色的,negro,Contexto: negro.,例句待内容组补充（negro）。,negro.jpg,A1|adj|日常,,他,乐趣,分钟,词库自动生成_待内容组校对
allá,adv,n/a,A1,,那里,allá,Contexto: allá.,例句待内容组补充（allá）。,allá.jpg,A1|adv|日常,,程序,清除,满的,词库自动生成_待内容组校对
partido,n,m,A1,,游戏,partido,Contexto: partido.,例句待内容组补充（partido）。,partido.jpg,A1|n|日常,,他,百万,的,词库自动生成_待内容组校对
diferente,adj,n/a,A1,,不同的,diferente,Contexto: diferente.,例句待内容组补充（diferente）。,diferente.jpg,A1|adj|日常,,回答,我们的,为了（目的）,词库自动生成_待内容组校对
ante,prep,n/a,A1,,鉴于,ante,Contexto: ante.,例句待内容组补充（ante）。,ante.jpg,A1|prep|语法|日常,,开始,放,确保,词库自动生成_待内容组校对
fiesta,n,f,A1,,派对,fiesta,Contexto: fiesta.,例句待内容组补充（fiesta）。,fiesta.jpg,A1|n|日常,,这么多,或许,准备,词库自动生成_待内容组校对
amar,v,n/a,A1,,爱,amar,Contexto: amar.,例句待内容组补充（amar）。,amar.jpg,A1|v|变位|日常,,狗,允许,西班牙,词库自动生成_待内容组校对
coger,v,n/a,A1,,拿,coger,Contexto: coger.,例句待内容组补充（coger）。,coger.jpg,A1|v|变位|日常,,虽然,职员,准备,词库自动生成_待内容组校对
disparar,v,n/a,A1,,射击,disparar,Contexto: disparar.,例句待内容组补充（disparar）。,disparar.jpg,A1|v|变位|日常,,脸,谢谢,证明,词库自动生成_待内容组校对
disculpar,v,n/a,A1,,原谅,disculpar,Contexto: disculpar.,例句待内容组补充（disculpar）。,disculpar.jpg,A1|v|变位|日常,,狗,公平的,邪恶的,词库自动生成_待内容组校对
pie,n,f,A1,,脚,pie,Contexto: pie.,例句待内容组补充（pie）。,pie.jpg,A1|n|日常,,继续,列表,部分,词库自动生成_待内容组校对
beber,v,n/a,A1,beˈβeɾ,喝,to drink,Bebo agua.,我喝水。,beber.jpg,日常|变位,, comer, cocinar, leer,词库自动生成_待内容组校对
frente,n,n/a,A1,,前额,frente,Contexto: frente.,例句待内容组补充（frente）。,frente.jpg,A1|n|日常,,摊位,血,惹恼,词库自动生成_待内容组校对
escuela,n,f,A1,esˈkwela,学校,school,La escuela está cerca.,学校很近。,escuela.jpg,日常|名词,专四,医院,商店,公园,词库自动生成_待内容组校对
sangre,n,n/a,A1,,血,sangre,Contexto: sangre.,例句待内容组补充（sangre）。,sangre.jpg,A1|n|日常,,军队,魔鬼,发生,词库自动生成_待内容组校对
oportunidad,n,f,A1,,机会,oportunidad,Contexto: oportunidad.,例句待内容组补充（oportunidad）。,oportunidad.jpg,A1|n|日常,,足够了,依靠,食物；饭,词库自动生成_待内容组校对
muchacho,n,m,A1,,年轻人,muchacho,Contexto: muchacho.,例句待内容组补充（muchacho）。,muchacho.jpg,A1|n|日常,,左边,旅行,记忆,词库自动生成_待内容组校对
real,adj,n/a,A1,,真实的,real,Contexto: real.,例句待内容组补充（real）。,real.jpg,A1|adj|日常,,强的,爱,介绍,词库自动生成_待内容组校对
situación,n,f,A1,,情况,situación,Contexto: situación.,例句待内容组补充（situación）。,situación.jpg,A1|n|日常,,恨,达到,某物,词库自动生成_待内容组校对
política,n,f,A1,,政策,política,Contexto: política.,例句待内容组补充（política）。,política.jpg,A1|n|日常,,不同之处,父亲,已经,词库自动生成_待内容组校对
ley,n,n/a,A1,,法律,ley,Contexto: ley.,例句待内容组补充（ley）。,ley.jpg,A1|n|日常,,白色的,参考,展示,词库自动生成_待内容组校对
vender,v,n/a,A1,,卖,vender,Contexto: vender.,例句待内容组补充（vender）。,vender.jpg,A1|v|变位|日常,,他的,笨蛋,证明,词库自动生成_待内容组校对
teléfono,n,m,A1,,电话,teléfono,Contexto: teléfono.,例句待内容组补充（teléfono）。,teléfono.jpg,A1|n|日常,,需要,最后的,命令,词库自动生成_待内容组校对
malo,n,n/a,A1,ˈmalo,坏的,bad,Es una película mala.,是一部烂片。,malo.jpg,日常|形容词,,好的,新的,大的,词库自动生成_待内容组校对
extraño,adj,n/a,A1,,奇怪的,extraño,Contexto: extraño.,例句待内容组补充（extraño）。,extraño.jpg,A1|adj|日常,,明天,头脑,感觉,词库自动生成_待内容组校对
perdonar,v,n/a,A1,,原谅,perdonar,Contexto: perdonar.,例句待内容组补充（perdonar）。,perdonar.jpg,A1|v|变位|日常,,哪个,执行,反对,词库自动生成_待内容组校对
arriba,adv,n/a,A1,,多于,arriba,Contexto: arriba.,例句待内容组补充（arriba）。,arriba.jpg,A1|adv|日常,,有,保证,男人,词库自动生成_待内容组校对
aparecer,v,n/a,A1,,出现,aparecer,Contexto: aparecer.,例句待内容组补充（aparecer）。,aparecer.jpg,A1|v|变位|日常,,帐户,在后面,禁运,词库自动生成_待内容组校对
servicio,n,m,A1,,服务,servicio,Contexto: servicio.,例句待内容组补充（servicio）。,servicio.jpg,A1|n|日常,,全部,那,想,词库自动生成_待内容组校对
novio,n,m,A1,,男朋友,novio,Contexto: novio.,例句待内容组补充（novio）。,novio.jpg,A1|n|日常,,嗓音,boca（待校对）,包括,词库自动生成_待内容组校对
tampoco,adv,n/a,A1,,两者都不,tampoco,Contexto: tampoco.,例句待内容组补充（tampoco）。,tampoco.jpg,A1|adv|日常,,帐户,放大,较少的,词库自动生成_待内容组校对
especial,adj,n/a,A1,,特别的,especial,Contexto: especial.,例句待内容组补充（especial）。,especial.jpg,A1|adj|日常,,大的,有,昨天,词库自动生成_待内容组校对
casar,v,n/a,A1,,结婚,casar,Contexto: casar.,例句待内容组补充（casar）。,casar.jpg,A1|v|变位|日常,,为了（目的）,看待,魔鬼,词库自动生成_待内容组校对
puesto,n,m,A1,,位置,puesto,Contexto: puesto.,例句待内容组补充（puesto）。,puesto.jpg,A1|n|日常,,医生,下一个,人,词库自动生成_待内容组校对
dólar,n,n/a,A1,,美元,dólar,Contexto: dólar.,例句待内容组补充（dólar）。,dólar.jpg,A1|n|日常,,哪个,常见的,城市,词库自动生成_待内容组校对
cuándo,adv,n/a,A1,,什么时候,cuándo,Contexto: cuándo.,例句待内容组补充（cuándo）。,cuándo.jpg,A1|adv|日常,,簇,法律,绝不,词库自动生成_待内容组校对
duro,adj,n/a,A1,,难的,duro,Contexto: duro.,例句待内容组补充（duro）。,duro.jpg,A1|adj|日常,,场地,梦,假设,词库自动生成_待内容组校对
nacional,adj,n/a,A1,,国家的,nacional,Contexto: nacional.,例句待内容组补充（nacional）。,nacional.jpg,A1|adj|日常,,走,手术,酒店,词库自动生成_待内容组校对
recuerdo,n,m,A1,,记忆,recuerdo,Contexto: recuerdo.,例句待内容组补充（recuerdo）。,recuerdo.jpg,A1|n|日常,,小的,证明,查看,词库自动生成_待内容组校对
lograr,v,n/a,A1,,达到,lograr,Contexto: lograr.,例句待内容组补充（lograr）。,lograr.jpg,A1|v|变位|日常,,死的,工地,开始,词库自动生成_待内容组校对
robar,v,n/a,A1,,偷,robar,Contexto: robar.,例句待内容组补充（robar）。,robar.jpg,A1|v|变位|日常,,单词,程序,儿子,词库自动生成_待内容组校对
seguridad,n,f,A1,,安全,seguridad,Contexto: seguridad.,例句待内容组补充（seguridad）。,seguridad.jpg,A1|n|日常,,提供,班级,更糟,词库自动生成_待内容组校对
prometer,v,n/a,A1,,保证,prometer,Contexto: prometer.,例句待内容组补充（prometer）。,prometer.jpg,A1|v|变位|日常,,行进,状况,活动,词库自动生成_待内容组校对
enseñar,v,n/a,A1,,教,enseñar,Contexto: enseñar.,例句待内容组补充（enseñar）。,enseñar.jpg,A1|v|变位|日常,,该死的,抓牢,常见的,词库自动生成_待内容组校对
obra,n,f,A1,,工地,obra,Contexto: obra.,例句待内容组补充（obra）。,obra.jpg,A1|n|日常,,手臂,爱,没有,词库自动生成_待内容组校对
descubrir,v,n/a,A1,,发现,descubrir,Contexto: descubrir.,例句待内容组补充（descubrir）。,descubrir.jpg,A1|v|变位|日常,,前额,运动,簇,词库自动生成_待内容组校对
andar,v,n/a,A1,,走,andar,Contexto: andar.,例句待内容组补充（andar）。,andar.jpg,A1|v|变位|日常,,很少,多少,能,词库自动生成_待内容组校对
fácil,adj,n/a,A1,,简单的,fácil,Contexto: fácil.,例句待内容组补充（fácil）。,fácil.jpg,A1|adj|日常,,展示,酒店,看法,词库自动生成_待内容组校对
película,n,f,A1,,电影,película,Contexto: película.,例句待内容组补充（película）。,película.jpg,A1|n|日常,,遭受,破坏,例子,词库自动生成_待内容组校对
cuanto,adv,n/a,A1,,多少,cuanto,Contexto: cuanto.,例句待内容组补充（cuanto）。,cuanto.jpg,A1|adv|日常,,解释,以下,足够的,词库自动生成_待内容组校对
lista,n,f,A1,,列表,lista,Contexto: lista.,例句待内容组补充（lista）。,lista.jpg,A1|n|日常,,俱乐部,服务,作为,词库自动生成_待内容组校对
tras,prep,n/a,A1,,后,tras,Contexto: tras.,例句待内容组补充（tras）。,tras.jpg,A1|prep|语法|日常,,手臂,镇,对不起,词库自动生成_待内容组校对
ambos,pron,n/a,A1,,两个都,ambos,Contexto: ambos.,例句待内容组补充（ambos）。,ambos.jpg,A1|pron|日常,,帐户,发送,常见的,词库自动生成_待内容组校对
español,adj,m,A1,espaˈɲol,西班牙语；西班牙人,Spanish,Estudio español en la universidad.,我在大学学西班牙语。,español.jpg,学习|名词,专四|专八,法语,英语,德语,词库自动生成_待内容组校对
sonar,v,n/a,A1,,梦,sonar,Contexto: sonar.,例句待内容组补充（sonar）。,sonar.jpg,A1|v|变位|日常,,严肃的,顾客,一些,词库自动生成_待内容组校对
referir,v,n/a,A1,,参考,referir,Contexto: referir.,例句待内容组补充（referir）。,referir.jpg,A1|v|变位|日常,,两者都不,工地,称呼,词库自动生成_待内容组校对
vino,n,m,A1,,来了,vino,Contexto: vino.,例句待内容组补充（vino）。,vino.jpg,A1|n|日常,,谋杀,离开,漂亮的,词库自动生成_待内容组校对
centro,n,m,A1,,中心,centro,Contexto: centro.,例句待内容组补充（centro）。,centro.jpg,A1|n|日常,,桌子,爱,好的,词库自动生成_待内容组校对
asunto,n,m,A1,,事务,asunto,Contexto: asunto.,例句待内容组补充（asunto）。,asunto.jpg,A1|n|日常,,正确的,魔鬼,难的,词库自动生成_待内容组校对
encantar,v,n/a,A1,,爱,encantar,Contexto: encantar.,例句待内容组补充（encantar）。,encantar.jpg,A1|v|变位|日常,,十,例子,礼物,词库自动生成_待内容组校对
embargo,n,m,A1,,禁运,embargo,Contexto: embargo.,例句待内容组补充（embargo）。,embargo.jpg,A1|n|日常,,中心,观点,听到,词库自动生成_待内容组校对
imaginar,v,n/a,A1,,想象,imaginar,Contexto: imaginar.,例句待内容组补充（imaginar）。,imaginar.jpg,A1|v|变位|日常,,事情,知道,哟,词库自动生成_待内容组校对
información,n,f,A1,,信息,información,Contexto: información.,例句待内容组补充（información）。,información.jpg,A1|n|日常,,不同之处,部长,结尾,词库自动生成_待内容组校对
habitación,n,f,A1,,房间,habitación,Contexto: habitación.,例句待内容组补充（habitación）。,habitación.jpg,A1|n|日常,,一半,机会,斗争,词库自动生成_待内容组校对
aprender,v,n/a,A1,,学习,aprender,Contexto: aprender.,例句待内容组补充（aprender）。,aprender.jpg,A1|v|变位|日常,,攻击,占据,问,词库自动生成_待内容组校对
falta,n,f,A1,,缺少,falta,Contexto: falta.,例句待内容组补充（falta）。,falta.jpg,A1|n|日常,,去,后,我们的,词库自动生成_待内容组校对
cielo,n,m,A1,,亲爱的,cielo,Contexto: cielo.,例句待内容组补充（cielo）。,cielo.jpg,A1|n|日常,,高的,根据,程度,词库自动生成_待内容组校对
seis,n,f,A1,,六,seis,Contexto: seis.,例句待内容组补充（seis）。,seis.jpg,A1|n|日常,,医院,在后面,援助,词库自动生成_待内容组校对
realizar,v,n/a,A1,,执行,realizar,Contexto: realizar.,例句待内容组补充（realizar）。,realizar.jpg,A1|v|变位|日常,,直到,国王,但,词库自动生成_待内容组校对
negocio,n,m,A1,,商业,negocio,Contexto: negocio.,例句待内容组补充（negocio）。,negocio.jpg,A1|n|日常,,一些,接触,仍然,词库自动生成_待内容组校对
sueño,n,m,A1,,梦,sueño,Contexto: sueño.,例句待内容组补充（sueño）。,sueño.jpg,A1|n|日常,,盐,问题,爱,词库自动生成_待内容组校对
atrás,adv,n/a,A1,,后退,atrás,Contexto: atrás.,例句待内容组补充（atrás）。,atrás.jpg,A1|adv|日常,,拿,社会的,感觉,词库自动生成_待内容组校对
social,adj,n/a,A1,,社会的,social,Contexto: social.,例句待内容组补充（social）。,social.jpg,A1|adj|日常,,电话,咖啡,保证,词库自动生成_待内容组校对
capitán,n,n/a,A1,,队长,capitán,Contexto: capitán.,例句待内容组补充（capitán）。,capitán.jpg,A1|n|日常,,空间,离开,更喜欢,词库自动生成_待内容组校对
comida,n,f,A1,koˈmiða,食物；饭,food,La comida está deliciosa.,食物很美味。,comida.jpg,日常|名词,,饮料,水果,面包,词库自动生成_待内容组校对
bebé,n,n/a,A1,,婴儿,bebé,Contexto: bebé.,例句待内容组补充（bebé）。,bebé.jpg,A1|n|日常,,一,多少,从不,词库自动生成_待内容组校对
libre,adj,n/a,A1,,自由的,libre,Contexto: libre.,例句待内容组补充（libre）。,libre.jpg,A1|adj|日常,,仍然,军队,主要的,词库自动生成_待内容组校对
voz,n,n/a,A1,,嗓音,voz,Contexto: voz.,例句待内容组补充（voz）。,voz.jpg,A1|n|日常,,准备好了,愚蠢的,número（待校对）,词库自动生成_待内容组校对
foto,n,m,A1,,照片,foto,Contexto: foto.,例句待内容组补充（foto）。,foto.jpg,A1|n|日常,,诞生,状态,仅有的,词库自动生成_待内容组校对
abajo,adv,n/a,A1,,以下,abajo,Contexto: abajo.,例句待内容组补充（abajo）。,abajo.jpg,A1|adv|日常,,弄清楚,会议,快乐的,词库自动生成_待内容组校对
par,n,n/a,A1,,一对,par,Contexto: par.,例句待内容组补充（par）。,par.jpg,A1|n|日常,,落下,任何一个,说谎,词库自动生成_待内容组校对
paz,n,n/a,A1,,和平,paz,Contexto: paz.,例句待内容组补充（paz）。,paz.jpg,A1|n|日常,,很少,移动,物种,词库自动生成_待内容组校对
confiar,v,n/a,A1,,依靠,confiar,Contexto: confiar.,例句待内容组补充（confiar）。,confiar.jpg,A1|v|变位|日常,,他的,小时,男人,词库自动生成_待内容组校对
callar,v,n/a,A1,,住口,callar,Contexto: callar.,例句待内容组补充（callar）。,callar.jpg,A1|v|变位|日常,,给,错误,没有,词库自动生成_待内容组校对
culpa,n,f,A1,,责备,culpa,Contexto: culpa.,例句待内容组补充（culpa）。,culpa.jpg,A1|n|日常,,应得,报告,还,词库自动生成_待内容组校对
cerrar,v,n/a,A1,,关闭,cerrar,Contexto: cerrar.,例句待内容组补充（cerrar）。,cerrar.jpg,A1|v|变位|日常,,进入,这里,女性,词库自动生成_待内容组校对
ofrecer,v,n/a,A1,,提供,ofrecer,Contexto: ofrecer.,例句待内容组补充（ofrecer）。,ofrecer.jpg,A1|v|变位|日常,,律师,来了,私人的,词库自动生成_待内容组校对
noticia,n,f,A1,,消息,noticia,Contexto: noticia.,例句待内容组补充（noticia）。,noticia.jpg,A1|n|日常,,agente（待校对）,说话；讲,列表,词库自动生成_待内容组校对
bajar,v,n/a,A1,,降低,bajar,Contexto: bajar.,例句待内容组补充（bajar）。,bajar.jpg,A1|v|变位|日常,,足够了,安全,人,词库自动生成_待内容组校对
desear,v,n/a,A1,,想,desear,Contexto: desear.,例句待内容组补充（desear）。,desear.jpg,A1|v|变位|日常,,工作,寻找,亲爱的,词库自动生成_待内容组校对
música,n,f,A1,,音乐,música,Contexto: música.,例句待内容组补充（música）。,música.jpg,A1|n|日常,,保持,下列的,模式,词库自动生成_待内容组校对
diablo,n,m,A1,,魔鬼,diablo,Contexto: diablo.,例句待内容组补充（diablo）。,diablo.jpg,A1|n|日常,,原因,出现,这,词库自动生成_待内容组校对
resto,n,m,A1,,休息,resto,Contexto: resto.,例句待内容组补充（resto）。,resto.jpg,A1|n|日常,,那里,改变,走,词库自动生成_待内容组校对
siguiente,adj,n/a,A1,,下列的,siguiente,Contexto: siguiente.,例句待内容组补充（siguiente）。,siguiente.jpg,A1|adj|日常,,攻击,确保,物种,词库自动生成_待内容组校对
cuidar,v,n/a,A1,,关心,cuidar,Contexto: cuidar.,例句待内容组补充（cuidar）。,cuidar.jpg,A1|v|变位|日常,,señorito（待校对）,成员,自由,词库自动生成_待内容组校对
médico,n,m,A1,,医生,médico,Contexto: médico.,例句待内容组补充（médico）。,médico.jpg,A1|n|日常,,银行,历史,儿子,词库自动生成_待内容组校对
carta,n,f,A1,,信,carta,Contexto: carta.,例句待内容组补充（carta）。,carta.jpg,A1|n|日常,,相同的,这,什么时候,词库自动生成_待内容组校对
preparar,v,n/a,A1,,准备,preparar,Contexto: preparar.,例句待内容组补充（preparar）。,preparar.jpg,A1|v|变位|日常,,选择,镇,一,词库自动生成_待内容组校对
don,n,n/a,A1,,礼物,don,Contexto: don.,例句待内容组补充（don）。,don.jpg,A1|n|日常,,绝不,家伙,总统,词库自动生成_待内容组校对
correcto,adj,n/a,A1,,正确的,correcto,Contexto: correcto.,例句待内容组补充（correcto）。,correcto.jpg,A1|adj|日常,,等待,婴儿,医生,词库自动生成_待内容组校对
programa,n,m,A1,,程序,programa,Contexto: programa.,例句待内容组补充（programa）。,programa.jpg,A1|n|日常,,哭,母狗,为了；因为,词库自动生成_待内容组校对
malo,adj,n/a,A1,ˈmalo,坏的,bad,Es una película mala.,是一部烂片。,malo.jpg,日常|形容词,,好的,新的,大的,词库自动生成_待内容组校对
sitio,n,m,A1,,地方,sitio,Contexto: sitio.,例句待内容组补充（sitio）。,sitio.jpg,A1|n|日常,,重要的,结果,正确的,词库自动生成_待内容组校对
campo,n,m,A1,,场地,campo,Contexto: campo.,例句待内容组补充（campo）。,campo.jpg,A1|n|日常,,牛,协议,医生,词库自动生成_待内容组校对
elegir,v,n/a,A1,,选择,elegir,Contexto: elegir.,例句待内容组补充（elegir）。,elegir.jpg,A1|v|变位|日常,,部长,朝向,打开,词库自动生成_待内容组校对
exactamente,adv,n/a,A1,,确切地,exactamente,Contexto: exactamente.,例句待内容组补充（exactamente）。,exactamente.jpg,A1|adv|日常,,制成,镇,国王,词库自动生成_待内容组校对
parar,v,n/a,A1,,摊位,parar,Contexto: parar.,例句待内容组补充（parar）。,parar.jpg,A1|v|变位|日常,,国王,他,需要,词库自动生成_待内容组校对
unido,adj,n/a,A1,,团结的,unido,Contexto: unido.,例句待内容组补充（unido）。,unido.jpg,A1|adj|日常,,多少,结婚,白天；天,词库自动生成_待内容组校对
desaparecer,v,n/a,A1,,消失,desaparecer,Contexto: desaparecer.,例句待内容组补充（desaparecer）。,desaparecer.jpg,A1|v|变位|日常,,拉屎,大的,手术,词库自动生成_待内容组校对
hermoso,adj,n/a,A1,,美丽的,hermoso,Contexto: hermoso.,例句待内容组补充（hermoso）。,hermoso.jpg,A1|adj|日常,,先生。,计划,儿子,词库自动生成_待内容组校对
mentir,v,n/a,A1,,说谎,mentir,Contexto: mentir.,例句待内容组补充（mentir）。,mentir.jpg,A1|v|变位|日常,,有,绅士,我的,词库自动生成_待内容组校对
romper,v,n/a,A1,,休息,romper,Contexto: romper.,例句待内容组补充（romper）。,romper.jpg,A1|v|变位|日常,,魔鬼,亲爱的,一半,词库自动生成_待内容组校对
invitar,v,n/a,A1,,邀请,invitar,Contexto: invitar.,例句待内容组补充（invitar）。,invitar.jpg,A1|v|变位|日常,,直到,建议,海,词库自动生成_待内容组校对
bonito,adj,n/a,A1,,漂亮的,bonito,Contexto: bonito.,例句待内容组补充（bonito）。,bonito.jpg,A1|adj|日常,,法官,活力,月,词库自动生成_待内容组校对
peor,adj,n/a,A1,,更糟,peor,Contexto: peor.,例句待内容组补充（peor）。,peor.jpg,A1|adj|日常,,事故,最后的,相当,词库自动生成_待内容组校对
obtener,v,n/a,A1,,获得,obtener,Contexto: obtener.,例句待内容组补充（obtener）。,obtener.jpg,A1|v|变位|日常,,破坏,我们的,和,词库自动生成_待内容组校对
molestar,v,n/a,A1,,惹恼,molestar,Contexto: molestar.,例句待内容组补充（molestar）。,molestar.jpg,A1|v|变位|日常,,游戏,这,打开,词库自动生成_待内容组校对
lejos,adv,n/a,A1,,远的,lejos,Contexto: lejos.,例句待内容组补充（lejos）。,lejos.jpg,A1|adv|日常,,分钟,的,得到,词库自动生成_待内容组校对
necesario,adj,n/a,A1,,必要的,necesario,Contexto: necesario.,例句待内容组补充（necesario）。,necesario.jpg,A1|adj|日常,,八,有,里面,词库自动生成_待内容组校对
cama,n,m,A1,,床,cama,Contexto: cama.,例句待内容组补充（cama）。,cama.jpg,A1|n|日常,,真的,知道,没有,词库自动生成_待内容组校对
utilizar,v,n/a,A1,,使用,utilizar,Contexto: utilizar.,例句待内容组补充（utilizar）。,utilizar.jpg,A1|v|变位|日常,,总统,等待,那,词库自动生成_待内容组校对
varios,adj,n/a,A1,,一些,varios,Contexto: varios.,例句待内容组补充（varios）。,varios.jpg,A1|adj|日常,,很少,原则,百万,词库自动生成_待内容组校对
abuelo,n,m,A1,,祖父,abuelo,Contexto: abuelo.,例句待内容组补充（abuelo）。,abuelo.jpg,A1|n|日常,,真的,照片,武器,词库自动生成_待内容组校对
viaje,n,m,A1,,旅行,viaje,Contexto: viaje.,例句待内容组补充（viaje）。,viaje.jpg,A1|n|日常,,电影,梦,未来,词库自动生成_待内容组校对
demonio,n,m,A1,,魔鬼,demonio,Contexto: demonio.,例句待内容组补充（demonio）。,demonio.jpg,A1|n|日常,,顾客,反对,支付,词库自动生成_待内容组校对
perfecto,adj,n/a,A1,,完美的,perfecto,Contexto: perfecto.,例句待内容组补充（perfecto）。,perfecto.jpg,A1|adj|日常,,游戏,手,酒店,词库自动生成_待内容组校对
raro,adj,n/a,A1,,酷儿,raro,Contexto: raro.,例句待内容组补充（raro）。,raro.jpg,A1|adj|日常,,有,打开,线,词库自动生成_待内容组校对
tirar,v,n/a,A1,,扔,tirar,Contexto: tirar.,例句待内容组补充（tirar）。,tirar.jpg,A1|v|变位|日常,,看,公平的,足够了,词库自动生成_待内容组校对
despertar,v,n/a,A1,,醒来,despertar,Contexto: despertar.,例句待内容组补充（despertar）。,despertar.jpg,A1|v|变位|日常,,穿,政策,学习,词库自动生成_待内容组校对
resultar,v,n/a,A1,,结果,resultar,Contexto: resultar.,例句待内容组补充（resultar）。,resultar.jpg,A1|v|变位|日常,,走,国家的,不可能的,词库自动生成_待内容组校对
oficial,adj,n/a,A1,,官方的,oficial,Contexto: oficial.,例句待内容组补充（oficial）。,oficial.jpg,A1|adj|日常,,儿子,士兵,活力,词库自动生成_待内容组校对
probablemente,adv,n/a,A1,,大概,probablemente,Contexto: probablemente.,例句待内容组补充（probablemente）。,probablemente.jpg,A1|adv|日常,,线,因为,得到,词库自动生成_待内容组校对
oficina,n,f,A1,,办公室,oficina,Contexto: oficina.,例句待内容组补充（oficina）。,oficina.jpg,A1|n|日常,,旧的；老的,在哪里,咖啡,词库自动生成_待内容组校对
continuar,v,n/a,A1,,继续,continuar,Contexto: continuar.,例句待内容组补充（continuar）。,continuar.jpg,A1|v|变位|日常,,是；对,邮政,这么多,词库自动生成_待内容组校对
responder,v,n/a,A1,,回复,responder,Contexto: responder.,例句待内容组补充（responder）。,responder.jpg,A1|v|变位|日常,,公司,后退,和；用,词库自动生成_待内容组校对
acción,n,f,A1,,行动,acción,Contexto: acción.,例句待内容组补充（acción）。,acción.jpg,A1|n|日常,,自由,当然,较少的,词库自动生成_待内容组校对
línea,n,f,A1,,线,línea,Contexto: línea.,例句待内容组补充（línea）。,línea.jpg,A1|n|日常,,通过,昨夜,调查,词库自动生成_待内容组校对
agente,n,n/a,A1,,agente（待校对）,agente,Contexto: agente.,例句待内容组补充（agente）。,agente.jpg,A1|n|日常,,问,陪伴,靠近,词库自动生成_待内容组校对
personal,adj,n/a,A1,,职员,personal,Contexto: personal.,例句待内容组补充（personal）。,personal.jpg,A1|adj|日常,,图像,继续,未来,词库自动生成_待内容组校对
papel,n,n/a,A1,,纸,papel,Contexto: papel.,例句待内容组补充（papel）。,papel.jpg,A1|n|日常,,依靠,计划,导演,词库自动生成_待内容组校对
ok,adj,n/a,A1,,好的,ok,Contexto: ok.,例句待内容组补充（ok）。,ok.jpg,A1|adj|日常,,商业,怀疑,和；用,词库自动生成_待内容组校对
aire,n,n/a,A1,,空气,aire,Contexto: aire.,例句待内容组补充（aire）。,aire.jpg,A1|n|日常,,团结的,两者都不,转变,词库自动生成_待内容组校对
arreglar,v,n/a,A1,,安排,arreglar,Contexto: arreglar.,例句待内容组补充（arreglar）。,arreglar.jpg,A1|v|变位|日常,,总是,眼睛,证明,词库自动生成_待内容组校对
puta,n,f,A1,,母狗,puta,Contexto: puta.,例句待内容组补充（puta）。,puta.jpg,A1|n|日常,,有,一般的,食物；饭,词库自动生成_待内容组校对
principio,n,m,A1,,原则,principio,Contexto: principio.,例句待内容组补充（principio）。,principio.jpg,A1|n|日常,,身体,坐,结果,词库自动生成_待内容组校对
simplemente,adv,n/a,A1,,简单地,simplemente,Contexto: simplemente.,例句待内容组补充（simplemente）。,simplemente.jpg,A1|adv|日常,,兴趣,交易,浴室,词库自动生成_待内容组校对
empresa,n,f,A1,,公司,empresa,Contexto: empresa.,例句待内容组补充（empresa）。,empresa.jpg,A1|n|日常,,清楚的,政府,五,词库自动生成_待内容组校对
diez,n,f,A1,,十,diez,Contexto: diez.,例句待内容组补充（diez）。,diez.jpg,A1|n|日常,,到,选择,其他的,词库自动生成_待内容组校对
director,n,m,A1,,导演,director,Contexto: director.,例句待内容组补充（director）。,director.jpg,A1|n|日常,,控制,公司,东西,词库自动生成_待内容组校对
través,n,n/a,A1,,通过,través,Contexto: través.,例句待内容组补充（través）。,través.jpg,A1|n|日常,,事务,年轻的,电影,词库自动生成_待内容组校对
producir,v,n/a,A1,,生产,producir,Contexto: producir.,例句待内容组补充（producir）。,producir.jpg,A1|v|变位|日常,,好的,破坏,谁,词库自动生成_待内容组校对
ejemplo,n,m,A1,,例子,ejemplo,Contexto: ejemplo.,例句待内容组补充（ejemplo）。,ejemplo.jpg,A1|n|日常,,那里,señorito（待校对）,区域,词库自动生成_待内容组校对
amo,n,m,A1,,爱,amo,Contexto: amo.,例句待内容组补充（amo）。,amo.jpg,A1|n|日常,,问题,消息,协议,词库自动生成_待内容组校对
rey,n,n/a,A1,,国王,rey,Contexto: rey.,例句待内容组补充（rey）。,rey.jpg,A1|n|日常,,问,听到,太太,词库自动生成_待内容组校对
cuarto,n,m,A1,,房间,cuarto,Contexto: cuarto.,例句待内容组补充（cuarto）。,cuarto.jpg,A1|n|日常,,谁,放大,那,词库自动生成_待内容组校对
idiota,adj,n/a,A1,,笨蛋,idiota,Contexto: idiota.,例句待内容组补充（idiota）。,idiota.jpg,A1|adj|日常,,红色的,查看,通过,词库自动生成_待内容组校对
verdadero,adj,n/a,A1,,真的,verdadero,Contexto: verdadero.,例句待内容组补充（verdadero）。,verdadero.jpg,A1|adj|日常,,年,国王,想象,词库自动生成_待内容组校对
tanto,adj,n/a,A1,,这么多,tanto,Contexto: tanto.,例句待内容组补充（tanto）。,tanto.jpg,A1|adj|日常,,结束,纸,相当,词库自动生成_待内容组校对
españa,n,f,A1,,西班牙,españa,Contexto: españa.,例句待内容组补充（españa）。,españa.jpg,A1|n|日常,,朋友（男）,对待,欲望,词库自动生成_待内容组校对
pesar,v,n/a,A1,,称重,pesar,Contexto: pesar.,例句待内容组补充（pesar）。,pesar.jpg,A1|v|变位|日常,,军队,在,简单地,词库自动生成_待内容组校对
probar,v,n/a,A1,,证明,probar,Contexto: probar.,例句待内容组补充（probar）。,probar.jpg,A1|v|变位|日常,,这里,伙伴,白天；天,词库自动生成_待内容组校对
bastar,v,n/a,A1,,足够了,bastar,Contexto: bastar.,例句待内容组补充（bastar）。,bastar.jpg,A1|v|变位|日常,,atención（待校对）,一,开始,词库自动生成_待内容组校对
decisión,n,f,A1,,决定,decisión,Contexto: decisión.,例句待内容组补充（decisión）。,decisión.jpg,A1|n|日常,,某人,射击,回复,词库自动生成_待内容组校对
demás,pron,n/a,A1,,其他的,demás,Contexto: demás.,例句待内容组补充（demás）。,demás.jpg,A1|pron|日常,,结婚,物种,多少,词库自动生成_待内容组校对
control,n,n/a,A1,,控制,control,Contexto: control.,例句待内容组补充（control）。,control.jpg,A1|n|日常,,包括,咖啡,律师,词库自动生成_待内容组校对
sra.,adv,n/a,A1,,太太,sra.,Contexto: sra..,例句待内容组补充（sra.）。,sra.jpg,A1|adv|日常,,根据,游戏,尽管,词库自动生成_待内容组校对
hospital,n,n/a,A1,,医院,hospital,Contexto: hospital.,例句待内容组补充（hospital）。,hospital.jpg,A1|n|日常,,团结的,离开,太太,词库自动生成_待内容组校对
marido,n,m,A1,,丈夫,marido,Contexto: marido.,例句待内容组补充（marido）。,marido.jpg,A1|n|日常,,更好的,出去,哪个,词库自动生成_待内容组校对
fuego,n,m,A1,,火,fuego,Contexto: fuego.,例句待内容组补充（fuego）。,fuego.jpg,A1|n|日常,,事故,唱歌,较少的,词库自动生成_待内容组校对
tema,n,m,A1,,问题,tema,Contexto: tema.,例句待内容组补充（tema）。,tema.jpg,A1|n|日常,,银行,海,事故,词库自动生成_待内容组校对
respuesta,n,f,A1,,回答,respuesta,Contexto: respuesta.,例句待内容组补充（respuesta）。,respuesta.jpg,A1|n|日常,,对待,礼物,你的,词库自动生成_待内容组校对
nivel,n,n/a,A1,,等级,nivel,Contexto: nivel.,例句待内容组补充（nivel）。,nivel.jpg,A1|n|日常,,señorito（待校对）,抓牢,放,词库自动生成_待内容组校对
evitar,v,n/a,A1,,避免,evitar,Contexto: evitar.,例句待内容组补充（evitar）。,evitar.jpg,A1|v|变位|日常,,游戏,的,失去,词库自动生成_待内容组校对
estudio,n,m,A1,,学习,estudio,Contexto: estudio.,例句待内容组补充（estudio）。,estudio.jpg,A1|n|日常,,问,下一个,支付,词库自动生成_待内容组校对
secreto,n,m,A1,,秘密,secreto,Contexto: secreto.,例句待内容组补充（secreto）。,secreto.jpg,A1|n|日常,,出现,回去,结尾,词库自动生成_待内容组校对
mensaje,n,m,A1,,信息,mensaje,Contexto: mensaje.,例句待内容组补充（mensaje）。,mensaje.jpg,A1|n|日常,,绝不,简单的,更喜欢,词库自动生成_待内容组校对
resultado,n,m,A1,,结果,resultado,Contexto: resultado.,例句待内容组补充（resultado）。,resultado.jpg,A1|n|日常,,一半,打开,继续,词库自动生成_待内容组校对
error,n,m,A1,,错误,error,Contexto: error.,例句待内容组补充（error）。,error.jpg,A1|n|日常,,到,原因,交易,词库自动生成_待内容组校对
futuro,n,m,A1,,未来,futuro,Contexto: futuro.,例句待内容组补充（futuro）。,futuro.jpg,A1|n|日常,,空气,索莱尔,然后,词库自动生成_待内容组校对
lleno,adj,n/a,A1,,满的,lleno,Contexto: lleno.,例句待内容组补充（lleno）。,lleno.jpg,A1|adj|日常,,有,准备好了,游戏,词库自动生成_待内容组校对
maldito,adj,n/a,A1,,该死的,maldito,Contexto: maldito.,例句待内容组补充（maldito）。,maldito.jpg,A1|adj|日常,,下一个,两个都,仅有的,词库自动生成_待内容组校对
compañero,n,m,A1,,伙伴,compañero,Contexto: compañero.,例句待内容组补充（compañero）。,compañero.jpg,A1|n|日常,,今天,拿,更喜欢,词库自动生成_待内容组校对
soler,v,n/a,A1,,索莱尔,soler,Contexto: soler.,例句待内容组补充（soler）。,soler.jpg,A1|v|变位|日常,,应得,手术,会议,词库自动生成_待内容组校对
reconocer,v,n/a,A1,,认出,reconocer,Contexto: reconocer.,例句待内容组补充（reconocer）。,reconocer.jpg,A1|v|变位|日常,,这,矿,职业,词库自动生成_待内容组校对
pobre,adj,n/a,A1,,贫穷的,pobre,Contexto: pobre.,例句待内容组补充（pobre）。,pobre.jpg,A1|adj|日常,,谋杀,射击,除了,词库自动生成_待内容组校对
atención,n,f,A1,,atención（待校对）,atención,Contexto: atención.,例句待内容组补充（atención）。,atención.jpg,A1|n|日常,,太多了,脚,历史,词库自动生成_待内容组校对
zona,n,f,A1,,区域,zona,Contexto: zona.,例句待内容组补充（zona）。,zona.jpg,A1|n|日常,,哪个,需要,法官,词库自动生成_待内容组校对
vista,n,f,A1,,看法,vista,Contexto: vista.,例句待内容组补充（vista）。,vista.jpg,A1|n|日常,,方式,手,称呼,词库自动生成_待内容组校对
escapar,v,n/a,A1,,逃脱,escapar,Contexto: escapar.,例句待内容组补充（escapar）。,escapar.jpg,A1|v|变位|日常,,哪个,一对,出现,词库自动生成_待内容组校对
cumplir,v,n/a,A1,,达到,cumplir,Contexto: cumplir.,例句待内容组补充（cumplir）。,cumplir.jpg,A1|v|变位|日常,,她,我们,博士。,词库自动生成_待内容组校对
edad,n,f,A1,,年龄,edad,Contexto: edad.,例句待内容组补充（edad）。,edad.jpg,A1|n|日常,,或许,支付,世纪,词库自动生成_待内容组校对
maldito,n,m,A1,,该死的,maldito,Contexto: maldito.,例句待内容组补充（maldito）。,maldito.jpg,A1|n|日常,,爱,选择,受害者,词库自动生成_待内容组校对
comprender,v,n/a,A1,,抓牢,comprender,Contexto: comprender.,例句待内容组补充（comprender）。,comprender.jpg,A1|v|变位|日常,,茶,婴儿,足够的,词库自动生成_待内容组校对
suyo,pron,n/a,A1,,他的,suyo,Contexto: suyo.,例句待内容组补充（suyo）。,suyo.jpg,A1|pron|日常,,旧的；老的,难的,强的,词库自动生成_待内容组校对
mandar,v,n/a,A1,,发送,mandar,Contexto: mandar.,例句待内容组补充（mandar）。,mandar.jpg,A1|v|变位|日常,,马,礼物,准备好,词库自动生成_待内容组校对
abogado,n,m,A1,,律师,abogado,Contexto: abogado.,例句待内容组补充（abogado）。,abogado.jpg,A1|n|日常,,放,高的,大学,词库自动生成_待内容组校对
madrid,n,n/a,A1,,马德里,madrid,Contexto: madrid.,例句待内容组补充（madrid）。,madrid.jpg,A1|n|日常,,儿子,存在,证明,词库自动生成_待内容组校对
dirección,n,f,A1,,地址,dirección,Contexto: dirección.,例句待内容组补充（dirección）。,dirección.jpg,A1|n|日常,,区域,飞,土地,词库自动生成_待内容组校对
partir,v,n/a,A1,,离开,partir,Contexto: partir.,例句待内容组补充（partir）。,partir.jpg,A1|v|变位|日常,,头,自由,国王,词库自动生成_待内容组校对
dr.,adv,n/a,A1,,博士。,dr.,Contexto: dr..,例句待内容组补充（dr.）。,dr.jpg,A1|adv|日常,,俱乐部,远的,和,词库自动生成_待内容组校对
temer,v,n/a,A1,,害怕,temer,Contexto: temer.,例句待内容组补充（temer）。,temer.jpg,A1|v|变位|日常,,美丽的,多发性硬化症。,鉴于,词库自动生成_待内容组校对
alegrar,v,n/a,A1,,格莱登,alegrar,Contexto: alegrar.,例句待内容组补充（alegrar）。,alegrar.jpg,A1|v|变位|日常,,自由的,没有任何,一,词库自动生成_待内容组校对
estúpido,adj,n/a,A1,,笨蛋,estúpido,Contexto: estúpido.,例句待内容组补充（estúpido）。,estúpido.jpg,A1|adj|日常,,害怕,艺术,能,词库自动生成_待内容组校对
fondo,n,m,A1,,背景,fondo,Contexto: fondo.,例句待内容组补充（fondo）。,fondo.jpg,A1|n|日常,,点,政策,害怕,词库自动生成_待内容组校对
llorar,v,n/a,A1,,哭,llorar,Contexto: llorar.,例句待内容组补充（llorar）。,llorar.jpg,A1|v|变位|日常,,游戏,在哪里,杰出的,词库自动生成_待内容组校对
poco,adj,n/a,A1,ˈpoko,很少,little/few,Hablas un poco de español.,你会说一点西语。,poco.jpg,日常|副词,,很多,全部,永远,词库自动生成_待内容组校对
señorito,n,m,A1,,señorito（待校对）,señorito,Contexto: señorito.,例句待内容组补充（señorito）。,señorito.jpg,A1|n|日常,,过去的,证明,其他的,词库自动生成_待内容组校对
lindo,adj,n/a,A1,,好的,lindo,Contexto: lindo.,例句待内容组补充（lindo）。,lindo.jpg,A1|adj|日常,,案件,生活,根据,词库自动生成_待内容组校对
medio,adj,n/a,A1,,一半,medio,Contexto: medio.,例句待内容组补充（medio）。,medio.jpg,A1|adj|日常,,交易,多发性硬化症。,或许,词库自动生成_待内容组校对
compañía,n,f,A1,,公司,compañía,Contexto: compañía.,例句待内容组补充（compañía）。,compañía.jpg,A1|n|日常,,开始,学校,因为,词库自动生成_待内容组校对
tranquilar,v,n/a,A1,,冷静下来,tranquilar,Contexto: tranquilar.,例句待内容组补充（tranquilar）。,tranquilar.jpg,A1|v|变位|日常,,房子；家,那,没有什么,词库自动生成_待内容组校对
actuar,v,n/a,A1,,行为,actuar,Contexto: actuar.,例句待内容组补充（actuar）。,actuar.jpg,A1|v|变位|日常,,例子,快乐的,改变,词库自动生成_待内容组校对
proceso,n,m,A1,,过程,proceso,Contexto: proceso.,例句待内容组补充（proceso）。,proceso.jpg,A1|n|日常,,主要的,感觉,头发,词库自动生成_待内容组校对
investigación,n,f,A1,,调查,investigación,Contexto: investigación.,例句待内容组补充（investigación）。,investigación.jpg,A1|n|日常,,似乎,模式,房间,词库自动生成_待内容组校对
tonto,adj,n/a,A1,,愚蠢的,tonto,Contexto: tonto.,例句待内容组补充（tonto）。,tonto.jpg,A1|adj|日常,,哪个,哟,两个都,词库自动生成_待内容组校对
café,n,n/a,A1,,咖啡,café,Contexto: café.,例句待内容组补充（café）。,café.jpg,A1|n|日常,,很多,小路,等待,词库自动生成_待内容组校对
duda,n,f,A1,,怀疑,duda,Contexto: duda.,例句待内容组补充（duda）。,duda.jpg,A1|n|日常,,走,火,一般的,词库自动生成_待内容组校对
preferir,v,n/a,A1,,更喜欢,preferir,Contexto: preferir.,例句待内容组补充（preferir）。,preferir.jpg,A1|v|变位|日常,,马,那里,浴室,词库自动生成_待内容组校对
conducir,v,n/a,A1,,驾驶,conducir,Contexto: conducir.,例句待内容组补充（conducir）。,conducir.jpg,A1|v|变位|日常,,除了,后,乐趣,词库自动生成_待内容组校对
mía,n,f,A1,,矿,mía,Contexto: mía.,例句待内容组补充（mía）。,mía.jpg,A1|n|日常,,你,看,改变,词库自动生成_待内容组校对
ropa,n,f,A1,,衣服,ropa,Contexto: ropa.,例句待内容组补充（ropa）。,ropa.jpg,A1|n|日常,,认为,真的,摊位,词库自动生成_待内容组校对
valor,n,m,A1,,值得,valor,Contexto: valor.,例句待内容组补充（valor）。,valor.jpg,A1|n|日常,,原谅,老师,格莱登,词库自动生成_待内容组校对
profesor,n,m,A1,,老师,profesor,Contexto: profesor.,例句待内容组补充（profesor）。,profesor.jpg,A1|n|日常,,青睐,真的,学校,词库自动生成_待内容组校对
reunión,n,f,A1,,会议,reunión,Contexto: reunión.,例句待内容组补充（reunión）。,reunión.jpg,A1|n|日常,,准备好,班级,满的,词库自动生成_待内容组校对
boca,n,f,A1,,boca（待校对）,boca,Contexto: boca.,例句待内容组补充（boca）。,boca.jpg,A1|n|日常,,自由,关于,真实的,词库自动生成_待内容组校对
john,adv,n/a,A1,,约翰,john,Contexto: john.,例句待内容组补充（john）。,john.jpg,A1|adv|日常,,手术,欲望,小路,词库自动生成_待内容组校对
cámara,n,f,A1,,相机,cámara,Contexto: cámara.,例句待内容组补充（cámara）。,cámara.jpg,A1|n|日常,,结束,星星,线,词库自动生成_待内容组校对
conocido,adj,n/a,A1,,熟人,conocido,Contexto: conocido.,例句待内容组补充（conocido）。,conocido.jpg,A1|adj|日常,,没有任何,七,红色的,词库自动生成_待内容组校对
espacio,n,m,A1,,空间,espacio,Contexto: espacio.,例句待内容组补充（espacio）。,espacio.jpg,A1|n|日常,,昨夜,与你,纸,词库自动生成_待内容组校对
encima,adv,n/a,A1,,在,encima,Contexto: encima.,例句待内容组补充（encima）。,encima.jpg,A1|adv|日常,,支付,自由,我们,词库自动生成_待内容组校对
imagen,n,n/a,A1,,图像,imagen,Contexto: imagen.,例句待内容组补充（imagen）。,imagen.jpg,A1|n|日常,,爱,医生,结尾,词库自动生成_待内容组校对
abierto,adj,n/a,A1,,打开,abierto,Contexto: abierto.,例句待内容组补充（abierto）。,abierto.jpg,A1|adj|日常,,眼睛,弄清楚,似乎,词库自动生成_待内容组校对
bajo,adj,n/a,A1,,低的,bajo,Contexto: bajo.,例句待内容组补充（bajo）。,bajo.jpg,A1|adj|日常,,颜色,感觉,恨,词库自动生成_待内容组校对
cargo,n,m,A1,,邮政,cargo,Contexto: cargo.,例句待内容组补充（cargo）。,cargo.jpg,A1|n|日常,,已经,发生,消失,词库自动生成_待内容组校对
caballero,n,m,A1,,绅士,caballero,Contexto: caballero.,例句待内容组补充（caballero）。,caballero.jpg,A1|n|日常,,旧的；老的,学习,写,词库自动生成_待内容组校对
cantar,v,n/a,A1,,唱歌,cantar,Contexto: cantar.,例句待内容组补充（cantar）。,cantar.jpg,A1|v|变位|日常,,正确的,思考,上帝,词库自动生成_待内容组校对
posibilidad,n,f,A1,,可能性,posibilidad,Contexto: posibilidad.,例句待内容组补充（posibilidad）。,posibilidad.jpg,A1|n|日常,,愚蠢的,音乐,这么多,词库自动生成_待内容组校对
detrás,adv,n/a,A1,,在后面,detrás,Contexto: detrás.,例句待内容组补充（detrás）。,detrás.jpg,A1|adv|日常,,证明,低的,有,词库自动生成_待内容组校对
proteger,v,n/a,A1,,保护,proteger,Contexto: proteger.,例句待内容组补充（proteger）。,proteger.jpg,A1|v|变位|日常,,四,创造,公司,词库自动生成_待内容组校对
universidad,n,f,A1,,大学,universidad,Contexto: universidad.,例句待内容组补充（universidad）。,universidad.jpg,A1|n|日常,,工作,青睐,系统,词库自动生成_待内容组校对
sufrir,v,n/a,A1,,遭受,sufrir,Contexto: sufrir.,例句待内容组补充（sufrir）。,sufrir.jpg,A1|v|变位|日常,,相机,书,失去,词库自动生成_待内容组校对
golpear,v,n/a,A1,,打,golpear,Contexto: golpear.,例句待内容组补充（golpear）。,golpear.jpg,A1|v|变位|日常,,寻找,看待,WHO,词库自动生成_待内容组校对
abandonar,v,n/a,A1,,放弃,abandonar,Contexto: abandonar.,例句待内容组补充（abandonar）。,abandonar.jpg,A1|v|变位|日常,,那里,穿,常见的,词库自动生成_待内容组校对
consejo,n,m,A1,,建议,consejo,Contexto: consejo.,例句待内容组补充（consejo）。,consejo.jpg,A1|n|日常,,你,私人的,人们,词库自动生成_待内容组校对
asesino,n,m,A1,,杀手,asesino,Contexto: asesino.,例句待内容组补充（asesino）。,asesino.jpg,A1|n|日常,,有,目的,遭受,词库自动生成_待内容组校对
cuyo,adj,n/a,A1,,谁,cuyo,Contexto: cuyo.,例句待内容组补充（cuyo）。,cuyo.jpg,A1|adj|日常,,床,报告,爱,词库自动生成_待内容组校对
vuestro,adj,n/a,A1,,你的,vuestro,Contexto: vuestro.,例句待内容组补充（vuestro）。,vuestro.jpg,A1|adj|日常,,经过,看,贫穷的,词库自动生成_待内容组校对
caminar,v,n/a,A1,,走,caminar,Contexto: caminar.,例句待内容组补充（caminar）。,caminar.jpg,A1|v|变位|日常,,家伙,两个都,房子；家,词库自动生成_待内容组校对
daño,n,m,A1,,损害,daño,Contexto: daño.,例句待内容组补充（daño）。,daño.jpg,A1|n|日常,,很少,偷,我,词库自动生成_待内容组校对
sociedad,n,f,A1,,社会,sociedad,Contexto: sociedad.,例句待内容组补充（sociedad）。,sociedad.jpg,A1|n|日常,,驾驶,七,位置,词库自动生成_待内容组校对
base,n,n/a,A1,,根据,base,Contexto: base.,例句待内容组补充（base）。,base.jpg,A1|n|日常,,现在,继续,这样的,词库自动生成_待内容组校对
proyecto,n,m,A1,,项目,proyecto,Contexto: proyecto.,例句待内容组补充（proyecto）。,proyecto.jpg,A1|n|日常,,其他的,你,海,词库自动生成_待内容组校对
anoche,adv,n/a,A1,,昨夜,anoche,Contexto: anoche.,例句待内容组补充（anoche）。,anoche.jpg,A1|adv|日常,,难的,多于,和平,词库自动生成_待内容组校对
mesa,n,f,A1,,桌子,mesa,Contexto: mesa.,例句待内容组补充（mesa）。,mesa.jpg,A1|n|日常,,事务,思考,在；处于（状态）,词库自动生成_待内容组校对
paciente,n,n/a,A1,,病人,paciente,Contexto: paciente.,例句待内容组补充（paciente）。,paciente.jpg,A1|n|日常,,马德里,我的,大学,词库自动生成_待内容组校对
tercero,adj,n/a,A1,,第三,tercero,Contexto: tercero.,例句待内容组补充（tercero）。,tercero.jpg,A1|adj|日常,,模式,打,你,词库自动生成_待内容组校对
crear,v,n/a,A1,,创造,crear,Contexto: crear.,例句待内容组补充（crear）。,crear.jpg,A1|v|变位|日常,,马,灵魂,贫穷的,词库自动生成_待内容组校对
dirigir,v,n/a,A1,,带领,dirigir,Contexto: dirigir.,例句待内容组补充（dirigir）。,dirigir.jpg,A1|v|变位|日常,,回复,射击,不同之处,词库自动生成_待内容组校对
capaz,adj,n/a,A1,,有能力的,capaz,Contexto: capaz.,例句待内容组补充（capaz）。,capaz.jpg,A1|adj|日常,,来,想,门,词库自动生成_待内容组校对
movimiento,n,m,A1,,运动,movimiento,Contexto: movimiento.,例句待内容组补充（movimiento）。,movimiento.jpg,A1|n|日常,,昨天,消息,那里,词库自动生成_待内容组校对
ud.,adv,n/a,A1,,你。,ud.,Contexto: ud..,例句待内容组补充（ud.）。,ud.jpg,A1|adv|日常,,青睐,爱,心,词库自动生成_待内容组校对
increíble,adj,n/a,A1,,极好的,increíble,Contexto: increíble.,例句待内容组补充（increíble）。,increíble.jpg,A1|adj|日常,,活动,影响,仅有的,词库自动生成_待内容组校对
divertido,adj,n/a,A1,,乐趣,divertido,Contexto: divertido.,例句待内容组补充（divertido）。,divertido.jpg,A1|adj|日常,,后退,很少,飞,词库自动生成_待内容组校对
principal,adj,n/a,A1,,主要的,principal,Contexto: principal.,例句待内容组补充（principal）。,principal.jpg,A1|adj|日常,,帮助,问,给,词库自动生成_待内容组校对
maestro,n,m,A1,,老师,maestro,Contexto: maestro.,例句待内容组补充（maestro）。,maestro.jpg,A1|n|日常,,影响,提供,结婚,词库自动生成_待内容组校对
recoger,v,n/a,A1,,收集,recoger,Contexto: recoger.,例句待内容组补充（recoger）。,recoger.jpg,A1|v|变位|日常,,社会的,床,为了（目的）,词库自动生成_待内容组校对
carrera,n,f,A1,,职业,carrera,Contexto: carrera.,例句待内容组补充（carrera）。,carrera.jpg,A1|n|日常,,扔,现实,部长,词库自动生成_待内容组校对
caballo,n,m,A1,,马,caballo,Contexto: caballo.,例句待内容组补充（caballo）。,caballo.jpg,A1|n|日常,,甚至,什么时候,离开,词库自动生成_待内容组校对
siglo,n,m,A1,,世纪,siglo,Contexto: siglo.,例句待内容组补充（siglo）。,siglo.jpg,A1|n|日常,,casi（待校对）,你,带领,词库自动生成_待内容组校对
perdón,n,n/a,A1,,对不起,perdón,Contexto: perdón.,例句待内容组补充（perdón）。,perdón.jpg,A1|n|日常,,杰出的,哦,去,词库自动生成_待内容组校对
pena,n,f,A1,,悲伤,pena,Contexto: pena.,例句待内容组补充（pena）。,pena.jpg,A1|n|日常,,打,结果,主要的,词库自动生成_待内容组校对
antiguo,adj,n/a,A1,,古老的,antiguo,Contexto: antiguo.,例句待内容组补充（antiguo）。,antiguo.jpg,A1|adj|日常,,读,疼痛,机会,词库自动生成_待内容组校对
ocupar,v,n/a,A1,,占据,ocupar,Contexto: ocupar.,例句待内容组补充（ocupar）。,ocupar.jpg,A1|v|变位|日常,,老板,到,纸,词库自动生成_待内容组校对
asesinar,v,n/a,A1,,谋杀,asesinar,Contexto: asesinar.,例句待内容组补充（asesinar）。,asesinar.jpg,A1|v|变位|日常,,恨,欲望,场地,词库自动生成_待内容组校对
banco,n,m,A1,,银行,banco,Contexto: banco.,例句待内容组补充（banco）。,banco.jpg,A1|n|日常,,男生,你的,还,词库自动生成_待内容组校对
político,adj,n/a,A1,,政治的,político,Contexto: político.,例句待内容组补充（político）。,político.jpg,A1|adj|日常,,对不起,是的,责任,词库自动生成_待内容组校对
mayoría,n,f,A1,,最多,mayoría,Contexto: mayoría.,例句待内容组补充（mayoría）。,mayoría.jpg,A1|n|日常,,亲爱的,扔,大概,词库自动生成_待内容组校对
miembro,n,m,A1,,成员,miembro,Contexto: miembro.,例句待内容组补充（miembro）。,miembro.jpg,A1|n|日常,,七,介绍,图像,词库自动生成_待内容组校对
condición,n,f,A1,,状况,condición,Contexto: condición.,例句待内容组补充（condición）。,condición.jpg,A1|n|日常,,接受,建议,你的,词库自动生成_待内容组校对
efecto,n,m,A1,,影响,efecto,Contexto: efecto.,例句待内容组补充（efecto）。,efecto.jpg,A1|n|日常,,经过,带领,军队,词库自动生成_待内容组校对
económico,adj,n/a,A1,,经济的,económico,Contexto: económico.,例句待内容组补充（económico）。,económico.jpg,A1|adj|日常,,星星,哭,改变,词库自动生成_待内容组校对
volar,v,n/a,A1,,飞,volar,Contexto: volar.,例句待内容组补充（volar）。,volar.jpg,A1|v|变位|日常,,狗,失去,甜的,词库自动生成_待内容组校对
brazo,n,m,A1,,手臂,brazo,Contexto: brazo.,例句待内容组补充（brazo）。,brazo.jpg,A1|n|日常,,责备,身体,盐,词库自动生成_待内容组校对
ministro,n,m,A1,,部长,ministro,Contexto: ministro.,例句待内容组补充（ministro）。,ministro.jpg,A1|n|日常,,对不起,总是,害怕,词库自动生成_待内容组校对
libertad,n,f,A1,,自由,libertad,Contexto: libertad.,例句待内容组补充（libertad）。,libertad.jpg,A1|n|日常,,爱,这样的,获得,词库自动生成_待内容组校对
asesinato,n,m,A1,,谋杀,asesinato,Contexto: asesinato.,例句待内容组补充（asesinato）。,asesinato.jpg,A1|n|日常,,中心,轻敲,自由的,词库自动生成_待内容组校对
reunir,v,n/a,A1,,见面,reunir,Contexto: reunir.,例句待内容组补充（reunir）。,reunir.jpg,A1|v|变位|日常,,祖父,海,白色的,词库自动生成_待内容组校对
crecer,v,n/a,A1,,生长,crecer,Contexto: crecer.,例句待内容组补充（crecer）。,crecer.jpg,A1|v|变位|日常,,目的,起床,咖啡,词库自动生成_待内容组校对
alcanzar,v,n/a,A1,,抵达,alcanzar,Contexto: alcanzar.,例句待内容组补充（alcanzar）。,alcanzar.jpg,A1|v|变位|日常,,说谎,我的,放大,词库自动生成_待内容组校对
devolver,v,n/a,A1,,返回,devolver,Contexto: devolver.,例句待内容组补充（devolver）。,devolver.jpg,A1|v|变位|日常,,或许,亲爱的,背景,词库自动生成_待内容组校对
interés,n,n/a,A1,,兴趣,interés,Contexto: interés.,例句待内容组补充（interés）。,interés.jpg,A1|n|日常,,夜晚,圈,携带,词库自动生成_待内容组校对
joder,v,n/a,A1,,他妈的,joder,Contexto: joder.,例句待内容组补充（joder）。,joder.jpg,A1|v|变位|日常,,仅有的,向前,不同之处,词库自动生成_待内容组校对
animal,n,n/a,A1,,动物,animal,Contexto: animal.,例句待内容组补充（animal）。,animal.jpg,A1|n|日常,,确切地,钱,星星,词库自动生成_待内容组校对
destruir,v,n/a,A1,,破坏,destruir,Contexto: destruir.,例句待内容组补充（destruir）。,destruir.jpg,A1|v|变位|日常,,似乎,射击,空间,词库自动生成_待内容组校对
josé,n,n/a,A1,,何塞,josé,Contexto: josé.,例句待内容组补充（josé）。,josé.jpg,A1|n|日常,,谢谢,机会,学习,词库自动生成_待内容组校对
sol,n,n/a,A1,,太阳,sol,Contexto: sol.,例句待内容组补充（sol）。,sol.jpg,A1|n|日常,,头脑,儿子,工地,词库自动生成_待内容组校对
entregar,v,n/a,A1,,递送,entregar,Contexto: entregar.,例句待内容组补充（entregar）。,entregar.jpg,A1|v|变位|日常,,发现,打,你的,词库自动生成_待内容组校对
color,n,m,A1,,颜色,color,Contexto: color.,例句待内容组补充（color）。,color.jpg,A1|n|日常,,确保,昨夜,拉屎,词库自动生成_待内容组校对
caja,n,f,A1,,盒子,caja,Contexto: caja.,例句待内容组补充（caja）。,caja.jpg,A1|n|日常,,必要的,解释,展示,词库自动生成_待内容组校对
cliente,n,n/a,A1,,顾客,cliente,Contexto: cliente.,例句待内容组补充（cliente）。,cliente.jpg,A1|n|日常,,事情,艺术,出去,词库自动生成_待内容组校对
distinto,adj,n/a,A1,,清楚的,distinto,Contexto: distinto.,例句待内容组补充（distinto）。,distinto.jpg,A1|adj|日常,,多发性硬化症。,昨夜,拿,词库自动生成_待内容组校对
víctima,n,m,A1,,受害者,víctima,Contexto: víctima.,例句待内容组补充（víctima）。,víctima.jpg,A1|n|日常,,美元,他的,街道,词库自动生成_待内容组校对
deseo,n,m,A1,,欲望,deseo,Contexto: deseo.,例句待内容组补充（deseo）。,deseo.jpg,A1|n|日常,,跑步,俱乐部,警察,词库自动生成_待内容组校对
arte,n,n/a,A1,,艺术,arte,Contexto: arte.,例句待内容组补充（arte）。,arte.jpg,A1|n|日常,,结束,对不起,星期,词库自动生成_待内容组校对
rojo,adj,n/a,A1,,红色的,rojo,Contexto: rojo.,例句待内容组补充（rojo）。,rojo.jpg,A1|adj|日常,,依靠,法官,真的,词库自动生成_待内容组校对
acompañar,v,n/a,A1,,陪伴,acompañar,Contexto: acompañar.,例句待内容组补充（acompañar）。,acompañar.jpg,A1|v|变位|日常,,位置,第一的,房子；家,词库自动生成_待内容组校对
causa,n,f,A1,,原因,causa,Contexto: causa.,例句待内容组补充（causa）。,causa.jpg,A1|n|日常,,确保,听到,十,词库自动生成_待内容组校对
cita,n,f,A1,,预约,cita,Contexto: cita.,例句待内容组补充（cita）。,cita.jpg,A1|n|日常,,单词,到,盒子,词库自动生成_待内容组校对
trato,n,m,A1,,交易,trato,Contexto: trato.,例句待内容组补充（trato）。,trato.jpg,A1|n|日常,,法律,士兵,寻找,词库自动生成_待内容组校对
demostrar,v,n/a,A1,,证明,demostrar,Contexto: demostrar.,例句待内容组补充（demostrar）。,demostrar.jpg,A1|v|变位|日常,,你,大厅,总统,词库自动生成_待内容组校对
aforar,v,n/a,A1,,测量,aforar,Contexto: aforar.,例句待内容组补充（aforar）。,aforar.jpg,A1|v|变位|日常,,清除,中心,游戏,词库自动生成_待内容组校对
jamás,adv,n/a,A1,,绝不,jamás,Contexto: jamás.,例句待内容组补充（jamás）。,jamás.jpg,A1|adv|日常,,手术,低的,职员,词库自动生成_待内容组校对
recuperar,v,n/a,A1,,恢复,recuperar,Contexto: recuperar.,例句待内容组补充（recuperar）。,recuperar.jpg,A1|v|变位|日常,,抵达,到,生长,词库自动生成_待内容组校对
merecer,v,n/a,A1,,应得,merecer,Contexto: merecer.,例句待内容组补充（merecer）。,merecer.jpg,A1|v|变位|日常,,坏的,昨夜,强的,词库自动生成_待内容组校对
hotel,n,n/a,A1,,酒店,hotel,Contexto: hotel.,例句待内容组补充（hotel）。,hotel.jpg,A1|n|日常,,向前,系统,作为,词库自动生成_待内容组校对
estrella,n,f,A1,,星星,estrella,Contexto: estrella.,例句待内容组补充（estrella）。,estrella.jpg,A1|n|日常,,开始,准备好了,支付,词库自动生成_待内容组校对
sexo,n,m,A1,,性别,sexo,Contexto: sexo.,例句待内容组补充（sexo）。,sexo.jpg,A1|n|日常,,简单的,援助,接触,词库自动生成_待内容组校对
normal,adj,n/a,A1,,普通的,normal,Contexto: normal.,例句待内容组补充（normal）。,normal.jpg,A1|adj|日常,,团结的,想,到,词库自动生成_待内容组校对
bailar,v,n/a,A1,,舞蹈,bailar,Contexto: bailar.,例句待内容组补充（bailar）。,bailar.jpg,A1|v|变位|日常,,决定,支付,朋友（男）,词库自动生成_待内容组校对
incluir,v,n/a,A1,,包括,incluir,Contexto: incluir.,例句待内容组补充（incluir）。,incluir.jpg,A1|v|变位|日常,,收集,一对,参考,词库自动生成_待内容组校对
dolor,n,m,A1,,疼痛,dolor,Contexto: dolor.,例句待内容组补充（dolor）。,dolor.jpg,A1|n|日常,,与我一起,休息,性别,词库自动生成_待内容组校对
mitad,n,f,A1,,一半,mitad,Contexto: mitad.,例句待内容组补充（mitad）。,mitad.jpg,A1|n|日常,,安排,那里,除了,词库自动生成_待内容组校对
s,n,n/a,A1,,是的,s,Contexto: s.,例句待内容组补充（s）。,s.jpg,A1|n|日常,,好的,朋友（男）,你好,词库自动生成_待内容组校对
gusto,n,m,A1,,品尝,gusto,Contexto: gusto.,例句待内容组补充（gusto）。,gusto.jpg,A1|n|日常,,钱,结果,更喜欢,词库自动生成_待内容组校对
canción,n,f,A1,,歌曲,canción,Contexto: canción.,例句待内容组补充（canción）。,canción.jpg,A1|n|日常,,和,原因,昨夜,词库自动生成_待内容组校对
alrededor,adv,n/a,A1,,大约,alrededor,Contexto: alrededor.,例句待内容组补充（alrededor）。,alrededor.jpg,A1|adv|日常,,某物,想,增加,词库自动生成_待内容组校对
militar,adj,n/a,A1,,军队,militar,Contexto: militar.,例句待内容组补充（militar）。,militar.jpg,A1|adj|日常,,可能的,的,婴儿,词库自动生成_待内容组校对
baño,n,m,A1,,浴室,baño,Contexto: baño.,例句待内容组补充（baño）。,baño.jpg,A1|n|日常,,方式,工作,他的,词库自动生成_待内容组校对
i,n,n/a,A1,,哟,i,Contexto: i.,例句待内容组补充（i）。,i.jpg,A1|n|日常,,学习,政府,生长,词库自动生成_待内容组校对
querido,adj,n/a,A1,,亲爱的,querido,Contexto: querido.,例句待内容组补充（querido）。,querido.jpg,A1|adj|日常,,不可能的,detener（待校对）,看,词库自动生成_待内容组校对
objetivo,n,m,A1,,目的,objetivo,Contexto: objetivo.,例句待内容组补充（objetivo）。,objetivo.jpg,A1|n|日常,,破坏,行为,你,词库自动生成_待内容组校对
reír,v,n/a,A1,,笑,reír,Contexto: reír.,例句待内容组补充（reír）。,reír.jpg,A1|v|变位|日常,,女性,左边,最后的,词库自动生成_待内容组校对
respecto,n,m,A1,,看待,respecto,Contexto: respecto.,例句待内容组补充（respecto）。,respecto.jpg,A1|n|日常,,手,情况,行动,词库自动生成_待内容组校对
salud,n,n/a,A1,,健康,salud,Contexto: salud.,例句待内容组补充（salud）。,salud.jpg,A1|n|日常,,报告,小路,旅行,词库自动生成_待内容组校对
the,adv,n/a,A1,,这,the,Contexto: the.,例句待内容组补充（the）。,the.jpg,A1|adv|日常,,抓牢,动物,强的,词库自动生成_待内容组校对
completo,adj,n/a,A1,,完全的,completo,Contexto: completo.,例句待内容组补充（completo）。,completo.jpg,A1|adj|日常,,经济的,旅行,观点,词库自动生成_待内容组校对
sal,n,n/a,A1,,盐,sal,Contexto: sal.,例句待内容组补充（sal）。,sal.jpg,A1|n|日常,,列表,美丽的,下一个,词库自动生成_待内容组校对
mente,n,n/a,A1,,头脑,mente,Contexto: mente.,例句待内容组补充（mente）。,mente.jpg,A1|n|日常,,中心,偷,美元,词库自动生成_待内容组校对
suelo,n,m,A1,,地面,suelo,Contexto: suelo.,例句待内容组补充（suelo）。,suelo.jpg,A1|n|日常,,心,全部,某物,词库自动生成_待内容组校对
cortar,v,n/a,A1,,切,cortar,Contexto: cortar.,例句待内容组补充（cortar）。,cortar.jpg,A1|v|变位|日常,,动物,片刻,酷儿,词库自动生成_待内容组校对
posición,n,f,A1,,位置,posición,Contexto: posición.,例句待内容组补充（posición）。,posición.jpg,A1|n|日常,,说话；讲,我的,quedar（待校对）,词库自动生成_待内容组校对
medida,n,f,A1,,程度,medida,Contexto: medida.,例句待内容组补充（medida）。,medida.jpg,A1|n|日常,,武器,船,白色的,词库自动生成_待内容组校对
especie,n,f,A1,,物种,especie,Contexto: especie.,例句待内容组补充（especie）。,especie.jpg,A1|n|日常,,世界,祖父,清楚的,词库自动生成_待内容组校对
siete,n,n/a,A1,,七,siete,Contexto: siete.,例句待内容组补充（siete）。,siete.jpg,A1|n|日常,,房间,社会的,空气,词库自动生成_待内容组校对
diferencia,n,f,A1,,不同之处,diferencia,Contexto: diferencia.,例句待内容组补充（diferencia）。,diferencia.jpg,A1|n|日常,,现实,WHO,吃,词库自动生成_待内容组校对
formar,v,n/a,A1,,形式,formar,Contexto: formar.,例句待内容组补充（formar）。,formar.jpg,A1|v|变位|日常,,魔鬼,政府,行进,词库自动生成_待内容组校对
precio,n,m,A1,,价格,precio,Contexto: precio.,例句待内容组补充（precio）。,precio.jpg,A1|n|日常,,落下,里面,制成,词库自动生成_待内容组校对
jack,adv,n/a,A1,,杰克,jack,Contexto: jack.,例句待内容组补充（jack）。,jack.jpg,A1|adv|日常,,图像,官方的,主意,词库自动生成_待内容组校对
maravilloso,adj,n/a,A1,,奇妙,maravilloso,Contexto: maravilloso.,例句待内容组补充（maravilloso）。,maravilloso.jpg,A1|adj|日常,,拿,亲爱的,女性,词库自动生成_待内容组校对
pelo,n,m,A1,,头发,pelo,Contexto: pelo.,例句待内容组补充（pelo）。,pelo.jpg,A1|n|日常,,品尝,男生,状况,词库自动生成_待内容组校对
york,n,n/a,A1,,约克,york,Contexto: york.,例句待内容组补充（york）。,york.jpg,A1|n|日常,,决定,控制,死的,词库自动生成_待内容组校对
luchar,v,n/a,A1,,斗争,luchar,Contexto: luchar.,例句待内容组补充（luchar）。,luchar.jpg,A1|v|变位|日常,,公司,前,证明,词库自动生成_待内容组校对
opinión,n,f,A1,,观点,opinión,Contexto: opinión.,例句待内容组补充（opinión）。,opinión.jpg,A1|n|日常,,孩子,甚至,从,词库自动生成_待内容组校对
estudiar,v,n/a,A1,,学习,estudiar,Contexto: estudiar.,例句待内容组补充（estudiar）。,estudiar.jpg,A1|v|变位|日常,,我的,全部,她,词库自动生成_待内容组校对
resolver,v,n/a,A1,,解决,resolver,Contexto: resolver.,例句待内容组补充（resolver）。,resolver.jpg,A1|v|变位|日常,,梦,时间；天气,回复,词库自动生成_待内容组校对
mercado,n,m,A1,,市场,mercado,Contexto: mercado.,例句待内容组补充（mercado）。,mercado.jpg,A1|n|日常,,眼睛,一半,当然,词库自动生成_待内容组校对
iglesia,n,f,A1,,教会,iglesia,Contexto: iglesia.,例句待内容组补充（iglesia）。,iglesia.jpg,A1|n|日常,,事务,出色地,死的,词库自动生成_待内容组校对
elección,n,f,A1,,选择,elección,Contexto: elección.,例句待内容组补充（elección）。,elección.jpg,A1|n|日常,,agente（待校对）,好的,爸爸,词库自动生成_待内容组校对
interior,n,m,A1,,里面,interior,Contexto: interior.,例句待内容组补充（interior）。,interior.jpg,A1|n|日常,,结束,奇怪的,占据,词库自动生成_待内容组校对
silencio,n,m,A1,,沉默,silencio,Contexto: silencio.,例句待内容组补充（silencio）。,silencio.jpg,A1|n|日常,,办公室,害怕,记住,词库自动生成_待内容组校对
necesidad,n,f,A1,,需要,necesidad,Contexto: necesidad.,例句待内容组补充（necesidad）。,necesidad.jpg,A1|n|日常,,所以,到,银行,词库自动生成_待内容组校对
odio,n,m,A1,,恨,odio,Contexto: odio.,例句待内容组补充（odio）。,odio.jpg,A1|n|日常,,朝向,拉屎,仅有的,词库自动生成_待内容组校对
experiencia,n,f,A1,,经验,experiencia,Contexto: experiencia.,例句待内容组补充（experiencia）。,experiencia.jpg,A1|n|日常,,哪个,足够的,钱,词库自动生成_待内容组校对
actividad,n,f,A1,,活动,actividad,Contexto: actividad.,例句待内容组补充（actividad）。,actividad.jpg,A1|n|日常,,官方的,开始,甚至,词库自动生成_待内容组校对
guardar,v,n/a,A1,,保持,guardar,Contexto: guardar.,例句待内容组补充（guardar）。,guardar.jpg,A1|v|变位|日常,,两者都不,国王,何塞,词库自动生成_待内容组校对
droga,n,f,A1,,药品,droga,Contexto: droga.,例句待内容组补充（droga）。,droga.jpg,A1|n|日常,,有,返回,多少,词库自动生成_待内容组校对
controlar,v,n/a,A1,,查看,controlar,Contexto: controlar.,例句待内容组补充（controlar）。,controlar.jpg,A1|v|变位|日常,,运气,快乐的,小路,词库自动生成_待内容组校对
accidente,n,n/a,A1,,事故,accidente,Contexto: accidente.,例句待内容组补充（accidente）。,accidente.jpg,A1|n|日常,,例子,禁运,公司,词库自动生成_待内容组校对
club,n,n/a,A1,,俱乐部,club,Contexto: club.,例句待内容组补充（club）。,club.jpg,A1|n|日常,,簇,损害,队长,词库自动生成_待内容组校对
ejército,n,m,A1,,军队,ejército,Contexto: ejército.,例句待内容组补充（ejército）。,ejército.jpg,A1|n|日常,,昨夜,到,一半,词库自动生成_待内容组校对
mar,n,n/a,A1,,海,mar,Contexto: mar.,例句待内容组补充（mar）。,mar.jpg,A1|n|日常,,达到,需要,那里,词库自动生成_待内容组校对
ataque,n,n/a,A1,,中风,ataque,Contexto: ataque.,例句待内容组补充（ataque）。,ataque.jpg,A1|n|日常,,儿子,解释,保持,词库自动生成_待内容组校对
imposible,adj,n/a,A1,,不可能的,imposible,Contexto: imposible.,例句待内容组补充（imposible）。,imposible.jpg,A1|adj|日常,,或许,海,什么时候,词库自动生成_待内容组校对
contacto,n,m,A1,,接触,contacto,Contexto: contacto.,例句待内容组补充（contacto）。,contacto.jpg,A1|n|日常,,场地,拿,太多了,词库自动生成_待内容组校对
privado,adj,n/a,A1,,私人的,privado,Contexto: privado.,例句待内容组补充（privado）。,privado.jpg,A1|adj|日常,,在,真实的,绝不,词库自动生成_待内容组校对
alma,n,m,A1,,灵魂,alma,Contexto: alma.,例句待内容组补充（alma）。,alma.jpg,A1|n|日常,,casi（待校对）,笑,单词,词库自动生成_待内容组校对
común,adj,n/a,A1,,常见的,común,Contexto: común.,例句待内容组补充（común）。,común.jpg,A1|adj|日常,,公司,甚至,形式,词库自动生成_待内容组校对
soldado,n,m,A1,,士兵,soldado,Contexto: soldado.,例句待内容组补充（soldado）。,soldado.jpg,A1|n|日常,,价格,博士。,房间,词库自动生成_待内容组校对
llave,n,n/a,A1,,钥匙,llave,Contexto: llave.,例句待内容组补充（llave）。,llave.jpg,A1|n|日常,,西班牙,兄弟,责任,词库自动生成_待内容组校对
energía,n,f,A1,,活力,energía,Contexto: energía.,例句待内容组补充（energía）。,energía.jpg,A1|n|日常,,受害者,前,责任,词库自动生成_待内容组校对
barco,n,m,A1,,船,barco,Contexto: barco.,例句待内容组补充（barco）。,barco.jpg,A1|n|日常,,酷儿,动物,他妈的,词库自动生成_待内容组校对
srta.,adv,n/a,A1,,多发性硬化症。,srta.,Contexto: srta..,例句待内容组补充（srta.）。,srta.jpg,A1|adv|日常,,除了,手术,家伙,词库自动生成_待内容组校对
observar,v,n/a,A1,,注意,observar,Contexto: observar.,例句待内容组补充（observar）。,observar.jpg,A1|v|变位|日常,,年龄,来,喜欢,词库自动生成_待内容组校对
juez,n,f,A1,,法官,juez,Contexto: juez.,例句待内容组补充（juez）。,juez.jpg,A1|n|日常,,这么多,证明,一,词库自动生成_待内容组校对
atacar,v,n/a,A1,,攻击,atacar,Contexto: atacar.,例句待内容组补充（atacar）。,atacar.jpg,A1|v|变位|日常,,第一的,水,片刻,词库自动生成_待内容组校对
preparado,adj,n/a,A1,,准备好了,preparado,Contexto: preparado.,例句待内容组补充（preparado）。,preparado.jpg,A1|adj|日常,,休息,作为,房子；家,词库自动生成_待内容组校对
río,n,m,A1,,河,río,Contexto: río.,例句待内容组补充（río）。,río.jpg,A1|n|日常,,去,或许,矿,词库自动生成_待内容组校对
tienda,n,f,A1,,店铺,tienda,Contexto: tienda.,例句待内容组补充（tienda）。,tienda.jpg,A1|n|日常,,力量,结婚,其他,词库自动生成_待内容组校对
señalar,v,n/a,A1,,指出,señalar,Contexto: señalar.,例句待内容组补充（señalar）。,señalar.jpg,A1|v|变位|日常,,前,书,自由,词库自动生成_待内容组校对
negar,v,n/a,A1,,否定,negar,Contexto: negar.,例句待内容组补充（negar）。,negar.jpg,A1|v|变位|日常,,消息,孩子,问题,词库自动生成_待内容组校对
avión,n,f,A1,,飞机,avión,Contexto: avión.,例句待内容组补充（avión）。,avión.jpg,A1|n|日常,,与你,想,二,词库自动生成_待内容组校对
dulce,n,n/a,A1,,甜的,dulce,Contexto: dulce.,例句待内容组补充（dulce）。,dulce.jpg,A1|n|日常,,亲爱的,我们,母狗,词库自动生成_待内容组校对
marchar,v,n/a,A1,,行进,marchar,Contexto: marchar.,例句待内容组补充（marchar）。,marchar.jpg,A1|v|变位|日常,,在；处于（状态）,意思是,在,词库自动生成_待内容组校对
tuyo,pron,n/a,A1,,你的,tuyo,Contexto: tuyo.,例句待内容组补充（tuyo）。,tuyo.jpg,A1|pron|日常,,一半,公平的,他,词库自动生成_待内容组校对
operación,n,f,A1,,手术,operación,Contexto: operación.,例句待内容组补充（operación）。,operación.jpg,A1|n|日常,,那,原因,他的,词库自动生成_待内容组校对
encuentro,n,m,A1,,会议,encuentro,Contexto: encuentro.,例句待内容组补充（encuentro）。,encuentro.jpg,A1|n|日常,,一,快乐的,某物,词库自动生成_待内容组校对
fuente,n,n/a,A1,,喷泉,fuente,Contexto: fuente.,例句待内容组补充（fuente）。,fuente.jpg,A1|n|日常,,事情,小心,你的,词库自动生成_待内容组校对
informe,n,n/a,A1,,报告,informe,Contexto: informe.,例句待内容组补充（informe）。,informe.jpg,A1|n|日常,,地址,冷静下来,卖,词库自动生成_待内容组校对
izquierda,n,f,A1,,左边,izquierda,Contexto: izquierda.,例句待内容组补充（izquierda）。,izquierda.jpg,A1|n|日常,,我的,似乎,直到,词库自动生成_待内容组校对
pierna,n,f,A1,,腿,pierna,Contexto: pierna.,例句待内容组补充（pierna）。,pierna.jpg,A1|n|日常,,大厅,四,男人,词库自动生成_待内容组校对
sala,n,f,A1,,大厅,sala,Contexto: sala.,例句待内容组补充（sala）。,sala.jpg,A1|n|日常,,绝不,准备,地址,词库自动生成_待内容组校对
nacer,v,n/a,A1,,诞生,nacer,Contexto: nacer.,例句待内容组补充（nacer）。,nacer.jpg,A1|v|变位|日常,,直到,簇,邪恶的,词库自动生成_待内容组校对
apenas,adv,n/a,A1,,仅仅,apenas,Contexto: apenas.,例句待内容组补充（apenas）。,apenas.jpg,A1|adv|日常,,轻敲,落下,该死的,词库自动生成_待内容组校对
ocho,n,m,A1,,八,ocho,Contexto: ocho.,例句待内容组补充（ocho）。,ocho.jpg,A1|n|日常,,茶,马,很少,词库自动生成_待内容组校对
averiguar,v,n/a,A1,,弄清楚,averiguar,Contexto: averiguar.,例句待内容组补充（averiguar）。,averiguar.jpg,A1|v|变位|日常,,所以,叔叔,的,词库自动生成_待内容组校对
esconder,v,n/a,A1,,隐藏,esconder,Contexto: esconder.,例句待内容组补充（esconder）。,esconder.jpg,A1|v|变位|日常,,某物,数数,问题,词库自动生成_待内容组校对
